,true,pred,abs_diff
0,42055.0,39773.79296875,2281.20703125
1,4017.0,2234.679931640625,1782.320068359375
2,11992.0,9387.9384765625,2604.0615234375
3,762.0,929.1141967773438,167.11419677734375
4,7551.0,6603.76171875,947.23828125
5,7444.0,4899.13427734375,2544.86572265625
6,988.0,2265.843505859375,1277.843505859375
7,1446.0,1452.5015869140625,6.5015869140625
8,0.0,251.20481872558594,251.20481872558594
9,25.0,0.0,25.0
10,21.0,0.0,21.0
11,19.0,0.0,19.0
12,47.0,0.0,47.0
13,953.0,1228.703369140625,275.703369140625
14,955.0,296.5831298828125,658.4168701171875
15,77.0,169.9574432373047,92.95744323730469
16,1559.0,3199.1240234375,1640.1240234375
17,37.0,0.0,37.0
18,447.0,748.3609008789062,301.36090087890625
19,40.0,613.3193969726562,573.3193969726562
20,61.0,162.44784545898438,101.44784545898438
21,2866.0,695.244384765625,2170.755615234375
22,8020.0,9365.0341796875,1345.0341796875
23,396.0,966.8921508789062,570.8921508789062
24,188.0,1055.33056640625,867.33056640625
25,1036.0,747.2078857421875,288.7921142578125
26,5211.0,2783.1162109375,2427.8837890625
27,1639.0,1685.5125732421875,46.5125732421875
28,10.0,6.321248531341553,3.6787514686584473
29,1034.0,1689.6263427734375,655.6263427734375
30,7328.0,12767.314453125,5439.314453125
31,1456.0,2887.175537109375,1431.175537109375
32,1503.0,2900.198486328125,1397.198486328125
33,2105.0,2200.703125,95.703125
34,460.0,1770.6456298828125,1310.6456298828125
35,246.0,145.533447265625,100.466552734375
36,5045.0,7179.921875,2134.921875
37,724.0,786.6995239257812,62.69952392578125
38,406.0,905.495849609375,499.495849609375
39,1052.0,1703.626220703125,651.626220703125
40,616.0,793.6885986328125,177.6885986328125
41,4568.0,3539.992431640625,1028.007568359375
42,11.0,150.61032104492188,139.61032104492188
43,2609.0,798.52392578125,1810.47607421875
44,404.0,536.3028564453125,132.3028564453125
45,1943.0,790.2748413085938,1152.7251586914062
46,44.0,113.03350830078125,69.03350830078125
47,1698.0,901.6401977539062,796.3598022460938
48,233.0,87.17819213867188,145.82180786132812
49,4806.0,4253.38525390625,552.61474609375
50,757.0,439.44427490234375,317.55572509765625
51,3.0,89.96202087402344,86.96202087402344
52,3840.0,4494.78466796875,654.78466796875
53,82.0,579.2955322265625,497.2955322265625
54,109.0,255.15594482421875,146.15594482421875
55,930.0,682.511962890625,247.488037109375
56,61.0,154.30453491210938,93.30453491210938
57,2159.0,1621.3975830078125,537.6024169921875
58,346.0,2137.588623046875,1791.588623046875
59,1185.0,2136.146728515625,951.146728515625
60,4164.0,3705.259033203125,458.740966796875
61,394.0,458.5254211425781,64.52542114257812
62,1111.0,1747.5550537109375,636.5550537109375
63,51.0,395.83599853515625,344.83599853515625
64,300.0,251.1956787109375,48.8043212890625
65,2312.0,4006.486083984375,1694.486083984375
66,2320.0,351.0292663574219,1968.9707336425781
67,24.0,525.7576904296875,501.7576904296875
68,188.0,425.1202087402344,237.12020874023438
69,38.0,10.182071685791016,27.817928314208984
70,50.0,34.65636444091797,15.343635559082031
71,2042.0,4586.4296875,2544.4296875
72,230.0,585.7271728515625,355.7271728515625
73,109.0,140.7342987060547,31.734298706054688
74,1783.0,3957.451171875,2174.451171875
75,9.0,155.2918701171875,146.2918701171875
76,0.0,220.1341552734375,220.1341552734375
77,34.0,168.77032470703125,134.77032470703125
78,1474.0,2098.416015625,624.416015625
79,309.0,469.6341857910156,160.63418579101562
80,1343.0,1286.123779296875,56.876220703125
81,341.0,885.928955078125,544.928955078125
82,114.0,279.286376953125,165.286376953125
83,45.0,935.1506958007812,890.1506958007812
84,2197.0,6374.126953125,4177.126953125
85,2353.0,985.4481201171875,1367.5518798828125
86,327.0,238.08642578125,88.91357421875
87,0.0,136.1007843017578,136.1007843017578
88,740.0,869.586181640625,129.586181640625
89,5717.0,7214.10595703125,1497.10595703125
90,115.0,165.2441864013672,50.24418640136719
91,644.0,1392.952392578125,748.952392578125
92,456.0,375.3700866699219,80.62991333007812
93,28.0,301.4368896484375,273.4368896484375
94,4767.0,6400.88720703125,1633.88720703125
95,155.0,367.89886474609375,212.89886474609375
96,1048.0,810.1539306640625,237.8460693359375
97,1111.0,352.1956787109375,758.8043212890625
98,770.0,654.67578125,115.32421875
99,1184.0,975.8793334960938,208.12066650390625
100,3540.0,994.4165649414062,2545.5834350585938
101,92.0,279.1654968261719,187.16549682617188
102,0.0,202.3583526611328,202.3583526611328
103,247.0,769.7494506835938,522.7494506835938
104,358.0,366.78350830078125,8.78350830078125
105,171.0,173.6289825439453,2.6289825439453125
106,182.0,1235.6407470703125,1053.6407470703125
107,642.0,47.50027847290039,594.4997215270996
108,0.0,206.75863647460938,206.75863647460938
109,4420.0,5662.12255859375,1242.12255859375
110,290.0,35.15961456298828,254.84038543701172
111,450.0,245.25738525390625,204.74261474609375
112,243.0,49.737003326416016,193.26299667358398
113,63.0,79.36705017089844,16.367050170898438
114,4159.0,8053.25244140625,3894.25244140625
115,26.0,45.95127868652344,19.951278686523438
116,302.0,754.3599853515625,452.3599853515625
117,4.0,0.0,4.0
118,56.0,428.7632751464844,372.7632751464844
119,2261.0,1714.3936767578125,546.6063232421875
120,68.0,0.0,68.0
121,215.0,271.3680725097656,56.368072509765625
122,122.0,20.60319709777832,101.39680290222168
123,41.0,38.01540756225586,2.9845924377441406
124,150.0,100.82958984375,49.17041015625
125,125.0,115.19912719726562,9.800872802734375
126,146.0,29.095924377441406,116.9040756225586
127,294.0,62.65513229370117,231.34486770629883
128,109663.0,106902.171875,2760.828125
129,43052.0,35051.42578125,8000.57421875
130,4774.0,6035.38720703125,1261.38720703125
131,1406.0,2670.71044921875,1264.71044921875
132,6890.0,5888.521484375,1001.478515625
133,16478.0,17970.279296875,1492.279296875
134,154.0,306.729736328125,152.729736328125
135,905.0,2027.120849609375,1122.120849609375
136,7400.0,12584.84375,5184.84375
137,3163.0,1220.383544921875,1942.616455078125
138,5030.0,8481.8662109375,3451.8662109375
139,804.0,1129.92333984375,325.92333984375
140,1907.0,1003.266357421875,903.733642578125
141,1856.0,1179.8822021484375,676.1177978515625
142,581.0,1334.8834228515625,753.8834228515625
143,4007.0,2489.6376953125,1517.3623046875
144,771.0,1346.513916015625,575.513916015625
145,967.0,1720.6722412109375,753.6722412109375
146,198.0,238.1039276123047,40.10392761230469
147,229.0,384.104736328125,155.104736328125
148,826.0,1207.273681640625,381.273681640625
149,250.0,2589.9638671875,2339.9638671875
150,314.0,476.6077880859375,162.6077880859375
151,1340.0,1722.215576171875,382.215576171875
152,13986.0,6105.41845703125,7880.58154296875
153,15585.0,9767.244140625,5817.755859375
154,26746.0,11365.1611328125,15380.8388671875
155,16976.0,7812.14306640625,9163.85693359375
156,11875.0,4408.46044921875,7466.53955078125
157,843.0,450.77313232421875,392.22686767578125
158,26943.0,15144.5908203125,11798.4091796875
159,10752.0,6918.84716796875,3833.15283203125
160,14314.0,4269.1044921875,10044.8955078125
161,2668.0,1730.967041015625,937.032958984375
162,7572.0,6608.44580078125,963.55419921875
163,5750.0,5591.3125,158.6875
164,5642.0,4159.740234375,1482.259765625
165,38016.0,26413.7421875,11602.2578125
166,11079.0,10152.23828125,926.76171875
167,6810.0,2607.465087890625,4202.534912109375
168,30115.0,24576.224609375,5538.775390625
169,3457.0,1343.9666748046875,2113.0333251953125
170,23483.0,6438.0751953125,17044.9248046875
171,77116.0,50258.9609375,26857.0390625
172,5866.0,3572.136962890625,2293.863037109375
173,4293.0,4547.49365234375,254.49365234375
174,13597.0,9524.7744140625,4072.2255859375
175,2224.0,1293.9586181640625,930.0413818359375
176,6183.0,8613.1494140625,2430.1494140625
177,5908.0,2953.222412109375,2954.777587890625
178,16133.0,13349.6083984375,2783.3916015625
179,6586.0,5202.296875,1383.703125
180,15494.0,14182.880859375,1311.119140625
181,12824.0,9339.419921875,3484.580078125
182,7417.0,5477.6865234375,1939.3134765625
183,21242.0,11487.0859375,9754.9140625
184,1053.0,2167.250732421875,1114.250732421875
185,11083.0,19022.826171875,7939.826171875
186,1416.0,1164.029296875,251.970703125
187,20349.0,8413.630859375,11935.369140625
188,1320.0,1486.41845703125,166.41845703125
189,5867.0,4182.64794921875,1684.35205078125
190,3323.0,3263.3935546875,59.6064453125
191,2322.0,3773.44189453125,1451.44189453125
192,16563.0,9425.7041015625,7137.2958984375
193,4289.0,3953.1455078125,335.8544921875
194,2676.0,1454.4053955078125,1221.5946044921875
195,3931.0,2123.673095703125,1807.326904296875
196,8542.0,6778.212890625,1763.787109375
197,27439.0,17407.64453125,10031.35546875
198,3623.0,2971.11865234375,651.88134765625
199,4211.0,6407.4736328125,2196.4736328125
200,4955.0,4751.35791015625,203.64208984375
201,1194.0,692.80419921875,501.19580078125
202,1103.0,2455.82275390625,1352.82275390625
203,2744.0,3716.075439453125,972.075439453125
204,450.0,827.601318359375,377.601318359375
205,552.0,414.61749267578125,137.38250732421875
206,1700.0,3178.855224609375,1478.855224609375
207,5464.0,4345.6650390625,1118.3349609375
208,6329.0,3406.79541015625,2922.20458984375
209,3612.0,3547.50048828125,64.49951171875
210,967.0,1184.35498046875,217.35498046875
211,943.0,1485.14013671875,542.14013671875
212,812.0,1957.4376220703125,1145.4376220703125
213,1812.0,1673.70166015625,138.29833984375
214,1315.0,1871.5963134765625,556.5963134765625
215,1197.0,2235.160400390625,1038.160400390625
216,1196.0,1715.4073486328125,519.4073486328125
217,3464.0,4057.97314453125,593.97314453125
218,1949.0,4278.328125,2329.328125
219,436.0,858.309814453125,422.309814453125
220,507.0,1349.600830078125,842.600830078125
221,1554.0,1685.69775390625,131.69775390625
222,2710.0,3458.656005859375,748.656005859375
223,12400.0,4844.39501953125,7555.60498046875
224,7128.0,8894.373046875,1766.373046875
225,2202.0,2982.5380859375,780.5380859375
226,784.0,2625.32861328125,1841.32861328125
227,1660.0,4017.3046875,2357.3046875
228,1418.0,723.9028930664062,694.0971069335938
229,3350.0,3427.11376953125,77.11376953125
230,6765.0,7624.8330078125,859.8330078125
231,526.0,493.2280578613281,32.771942138671875
232,1188.0,1668.6431884765625,480.6431884765625
233,1140.0,1612.516845703125,472.516845703125
234,1218.0,2193.75732421875,975.75732421875
235,2097.0,2417.809326171875,320.809326171875
236,2218.0,516.7815551757812,1701.2184448242188
237,3284.0,4410.44580078125,1126.44580078125
238,651.0,509.6050720214844,141.39492797851562
239,1728.0,2409.377197265625,681.377197265625
240,4719.0,3216.697998046875,1502.302001953125
241,1458.0,1763.8409423828125,305.8409423828125
242,1669.0,5234.0576171875,3565.0576171875
243,1074.0,1217.71337890625,143.71337890625
244,1402.0,2299.66357421875,897.66357421875
245,1791.0,2272.96484375,481.96484375
246,2604.0,2687.854736328125,83.854736328125
247,3201.0,3993.405517578125,792.405517578125
248,1702.0,4335.775390625,2633.775390625
249,6348.0,3344.86962890625,3003.13037109375
250,1942.0,1945.5758056640625,3.5758056640625
251,3446.0,1748.2506103515625,1697.7493896484375
252,6251.0,7624.35302734375,1373.35302734375
253,2568.0,3870.956298828125,1302.956298828125
254,1977.0,1206.9351806640625,770.0648193359375
255,992.0,1563.308349609375,571.308349609375
256,2609.0,3145.531005859375,536.531005859375
257,329.0,428.1490173339844,99.14901733398438
258,912.0,1633.3961181640625,721.3961181640625
259,1832.0,740.9921264648438,1091.0078735351562
260,7956.0,6160.8857421875,1795.1142578125
261,2385.0,2978.298828125,593.298828125
262,2098.0,3701.425048828125,1603.425048828125
263,912.0,3061.54150390625,2149.54150390625
264,1584.0,1336.2080078125,247.7919921875
265,756.0,2331.62890625,1575.62890625
266,1564.0,2078.5078125,514.5078125
267,1774.0,2266.60302734375,492.60302734375
268,1360.0,812.0294799804688,547.9705200195312
269,3860.0,2992.381591796875,867.618408203125
270,2358.0,3285.0244140625,927.0244140625
271,4346.0,3790.131591796875,555.868408203125
272,1032.0,290.8661804199219,741.1338195800781
273,1360.0,2040.0157470703125,680.0157470703125
274,2533.0,1884.14794921875,648.85205078125
275,738.0,1604.0738525390625,866.0738525390625
276,1915.0,1886.6524658203125,28.3475341796875
277,983.0,830.0889282226562,152.91107177734375
278,892.0,493.2064208984375,398.7935791015625
279,109.0,184.7805633544922,75.78056335449219
280,3711.0,2680.9111328125,1030.0888671875
281,496.0,378.1429138183594,117.85708618164062
282,854.0,781.7842407226562,72.21575927734375
283,3536.0,3235.923583984375,300.076416015625
284,4445.0,3331.97021484375,1113.02978515625
285,880.0,1436.267333984375,556.267333984375
286,3547.0,1580.87646484375,1966.12353515625
287,4096.0,3298.38671875,797.61328125
288,407.0,265.77581787109375,141.22418212890625
289,340.0,1465.4228515625,1125.4228515625
290,681.0,252.5162811279297,428.4837188720703
291,3247.0,1771.859375,1475.140625
292,3515.0,1255.374755859375,2259.625244140625
293,802.0,522.9266967773438,279.07330322265625
294,244.0,250.41171264648438,6.411712646484375
295,1140.0,1079.4359130859375,60.5640869140625
296,2138.0,1138.3580322265625,999.6419677734375
297,4051.0,3327.951416015625,723.048583984375
298,11645.0,4213.22265625,7431.77734375
299,2763.0,2697.782958984375,65.217041015625
300,442.0,238.26364135742188,203.73635864257812
301,363.0,235.64820861816406,127.35179138183594
302,499.0,249.28536987304688,249.71463012695312
303,1703.0,1468.85693359375,234.14306640625
304,1264.0,964.1083984375,299.8916015625
305,3551.0,952.814453125,2598.185546875
306,448.0,334.328857421875,113.671142578125
307,884.0,472.3483581542969,411.6516418457031
308,2144.0,2044.8507080078125,99.1492919921875
309,3148.0,2600.0166015625,547.9833984375
310,797.0,254.4140625,542.5859375
311,2004.0,535.1739501953125,1468.8260498046875
312,892.0,597.8090209960938,294.19097900390625
313,942.0,373.52972412109375,568.4702758789062
314,351.0,719.4588623046875,368.4588623046875
315,1679.0,1027.6158447265625,651.3841552734375
316,4681.0,9154.3447265625,4473.3447265625
317,4354.0,1342.647216796875,3011.352783203125
318,2476.0,2866.342041015625,390.342041015625
319,1493.0,1621.1962890625,128.1962890625
320,1373.0,909.3406982421875,463.6593017578125
321,1893.0,2524.144287109375,631.144287109375
322,1813.0,717.4022216796875,1095.5977783203125
323,1914.0,1350.9202880859375,563.0797119140625
324,1229.0,1268.294189453125,39.294189453125
325,5896.0,3159.4970703125,2736.5029296875
326,5605.0,4077.9814453125,1527.0185546875
327,2772.0,1235.1351318359375,1536.8648681640625
328,1967.0,2389.59423828125,422.59423828125
329,2344.0,858.7936401367188,1485.2063598632812
330,2786.0,1540.8453369140625,1245.1546630859375
331,497.0,297.5500793457031,199.44992065429688
332,1697.0,1405.5106201171875,291.4893798828125
333,192.0,348.1109619140625,156.1109619140625
334,3790.0,2628.844970703125,1161.155029296875
335,2033.0,569.829833984375,1463.170166015625
336,2214.0,415.7021789550781,1798.2978210449219
337,2288.0,258.7023620605469,2029.2976379394531
338,723.0,1111.669189453125,388.669189453125
339,2507.0,1258.9951171875,1248.0048828125
340,849.0,602.2266845703125,246.7733154296875
341,744.0,864.563720703125,120.563720703125
342,2788.0,5487.212890625,2699.212890625
343,9927.0,7535.85546875,2391.14453125
344,61.0,434.8362121582031,373.8362121582031
345,244.0,183.43218994140625,60.56781005859375
346,505.0,449.2528076171875,55.7471923828125
347,2865.0,1581.6444091796875,1283.3555908203125
348,1134.0,1034.6683349609375,99.3316650390625
349,1356.0,878.8963623046875,477.1036376953125
350,6960.0,5358.74658203125,1601.25341796875
351,2453.0,2312.420166015625,140.579833984375
352,1980.0,1088.4945068359375,891.5054931640625
353,1797.0,2377.110107421875,580.110107421875
354,798.0,1328.556640625,530.556640625
355,606.0,827.216796875,221.216796875
356,4877.0,2704.10400390625,2172.89599609375
357,1384.0,1879.451904296875,495.451904296875
358,6553.0,6859.662109375,306.662109375
359,982.0,888.1209106445312,93.87908935546875
360,554.0,1340.4737548828125,786.4737548828125
361,490.0,1203.236083984375,713.236083984375
362,604.0,994.4970092773438,390.49700927734375
363,2089.0,4208.56787109375,2119.56787109375
364,893.0,1887.045166015625,994.045166015625
365,2879.0,7459.13134765625,4580.13134765625
366,3853.0,5070.86572265625,1217.86572265625
367,1248.0,1951.774658203125,703.774658203125
368,5270.0,4290.02587890625,979.97412109375
369,194.0,303.5123596191406,109.51235961914062
370,1357.0,1098.5594482421875,258.4405517578125
371,700.0,611.7697143554688,88.23028564453125
372,4424.0,4689.47509765625,265.47509765625
373,2672.0,2224.12646484375,447.87353515625
374,1767.0,2763.624267578125,996.624267578125
375,609.0,1077.6820068359375,468.6820068359375
376,760.0,1062.2596435546875,302.2596435546875
377,484.0,344.08392333984375,139.91607666015625
378,2690.0,3068.367431640625,378.367431640625
379,2188.0,3663.4052734375,1475.4052734375
380,428.0,321.5968322753906,106.40316772460938
381,615.0,1072.883056640625,457.883056640625
382,5423.0,4187.9658203125,1235.0341796875
383,72.0,259.7092590332031,187.70925903320312
384,6584.0,3522.048583984375,3061.951416015625
385,1081.0,1409.6900634765625,328.6900634765625
386,875.0,2374.06982421875,1499.06982421875
387,356.0,328.6065368652344,27.393463134765625
388,41599.0,29166.05078125,12432.94921875
389,545.0,923.2407836914062,378.24078369140625
390,932.0,1514.3074951171875,582.3074951171875
391,1930.0,1406.3668212890625,523.6331787109375
392,1057.0,1345.855712890625,288.855712890625
393,2868.0,3223.79443359375,355.79443359375
394,3721.0,4366.03857421875,645.03857421875
395,1954.0,2234.0048828125,280.0048828125
396,3760.0,2366.96484375,1393.03515625
397,1047.0,2192.84765625,1145.84765625
398,2913.0,3548.82568359375,635.82568359375
399,622.0,668.0203857421875,46.0203857421875
400,540.0,924.330322265625,384.330322265625
401,20245.0,17476.220703125,2768.779296875
402,308.0,333.32867431640625,25.32867431640625
403,1486.0,1484.14794921875,1.85205078125
404,359.0,226.627197265625,132.372802734375
405,536.0,1102.2374267578125,566.2374267578125
406,1218.0,816.2734985351562,401.72650146484375
407,1336.0,1272.5394287109375,63.4605712890625
408,1148.0,1434.5455322265625,286.5455322265625
409,403.0,457.3502197265625,54.3502197265625
410,3484.0,4351.5537109375,867.5537109375
411,6480.0,4063.677734375,2416.322265625
412,1052.0,1436.8955078125,384.8955078125
413,4631.0,4802.2412109375,171.2412109375
414,6152.0,7840.02197265625,1688.02197265625
415,1624.0,407.8624267578125,1216.1375732421875
416,1398.0,1942.21240234375,544.21240234375
417,4005.0,1811.1595458984375,2193.8404541015625
418,503.0,348.0543518066406,154.94564819335938
419,1398.0,6963.9765625,5565.9765625
420,5471.0,9896.63671875,4425.63671875
421,2643.0,2703.30810546875,60.30810546875
422,95.0,1007.4463500976562,912.4463500976562
423,165.0,89.38681030273438,75.61318969726562
424,1863.0,2689.345947265625,826.345947265625
425,3657.0,3934.739501953125,277.739501953125
426,1028.0,2064.870361328125,1036.870361328125
427,534.0,294.44573974609375,239.55426025390625
428,393.0,821.3477783203125,428.3477783203125
429,2809.0,2847.22705078125,38.22705078125
430,2958.0,3798.979248046875,840.979248046875
431,3488.0,2646.478759765625,841.521240234375
432,845.0,1163.03955078125,318.03955078125
433,1756.0,3434.8046875,1678.8046875
434,977.0,1259.9300537109375,282.9300537109375
435,291.0,420.6429138183594,129.64291381835938
436,408.0,1000.84814453125,592.84814453125
437,8890.0,7201.5068359375,1688.4931640625
438,761.0,1430.923828125,669.923828125
439,12948.0,8927.5498046875,4020.4501953125
440,2347.0,5657.95556640625,3310.95556640625
441,851.0,2060.705078125,1209.705078125
442,2528.0,1576.4267578125,951.5732421875
443,7924.0,9430.236328125,1506.236328125
444,21349.0,6390.48193359375,14958.51806640625
445,1596.0,4500.68896484375,2904.68896484375
446,21586.0,7663.67578125,13922.32421875
447,612.0,699.4672241210938,87.46722412109375
448,334.0,1005.7792358398438,671.7792358398438
449,710.0,1050.7947998046875,340.7947998046875
450,2918.0,3963.11328125,1045.11328125
451,184.0,1006.5297241210938,822.5297241210938
452,548.0,568.313232421875,20.313232421875
453,1118.0,3469.118408203125,2351.118408203125
454,2700.0,3875.423828125,1175.423828125
455,1301.0,2772.658935546875,1471.658935546875
456,630.0,1237.1348876953125,607.1348876953125
457,1004.0,1814.427490234375,810.427490234375
458,1489.0,1759.1964111328125,270.1964111328125
459,1097.0,1071.2843017578125,25.7156982421875
460,527.0,1732.056640625,1205.056640625
461,3417.0,3753.32373046875,336.32373046875
462,457.0,877.41748046875,420.41748046875
463,2703.0,2206.100830078125,496.899169921875
464,2119.0,3200.148681640625,1081.148681640625
465,49990.0,52795.15625,2805.15625
466,1377.0,2313.6767578125,936.6767578125
467,692.0,699.65673828125,7.65673828125
468,1412.0,1623.977294921875,211.977294921875
469,5392.0,6948.61376953125,1556.61376953125
470,3746.0,3636.014404296875,109.985595703125
471,3444.0,2789.213134765625,654.786865234375
472,443.0,2259.559326171875,1816.559326171875
473,1061.0,2320.77099609375,1259.77099609375
474,2878.0,4108.4052734375,1230.4052734375
475,702.0,232.68470764160156,469.31529235839844
476,408.0,567.66796875,159.66796875
477,2198.0,1807.227294921875,390.772705078125
478,745.0,1415.4061279296875,670.4061279296875
479,396.0,289.5971374511719,106.40286254882812
480,90027.0,87633.390625,2393.609375
481,393.0,241.50241088867188,151.49758911132812
482,7925.0,8445.732421875,520.732421875
483,2296.0,3368.922607421875,1072.922607421875
484,2132.0,2713.987060546875,581.987060546875
485,423.0,948.45751953125,525.45751953125
486,207.0,55.044734954833984,151.95526504516602
487,591.0,436.4425048828125,154.5574951171875
488,604.0,566.439208984375,37.560791015625
489,3596.0,5253.75439453125,1657.75439453125
490,6338.0,1613.4970703125,4724.5029296875
491,61.0,308.24090576171875,247.24090576171875
492,415.0,623.9208984375,208.9208984375
493,27058.0,40535.015625,13477.015625
494,17904.0,11724.1337890625,6179.8662109375
495,567.0,1323.9403076171875,756.9403076171875
496,85.0,118.68431091308594,33.68431091308594
497,101.0,283.38897705078125,182.38897705078125
498,3468.0,2354.2607421875,1113.7392578125
499,71.0,952.1834106445312,881.1834106445312
500,810.0,1395.5872802734375,585.5872802734375
501,432.0,266.5108337402344,165.48916625976562
502,443.0,1818.5150146484375,1375.5150146484375
503,785.0,1368.36279296875,583.36279296875
504,3912.0,4270.0078125,358.0078125
505,171.0,161.73451232910156,9.265487670898438
506,13325.0,9115.6943359375,4209.3056640625
507,5064.0,6080.6904296875,1016.6904296875
508,540.0,584.3333129882812,44.33331298828125
509,5371.0,3829.227294921875,1541.772705078125
510,422.0,397.86285400390625,24.13714599609375
511,457.0,478.4186096191406,21.418609619140625
512,1710.0,1800.253173828125,90.253173828125
513,146.0,275.9283447265625,129.9283447265625
514,2055.0,2400.4375,345.4375
515,4120.0,3919.891845703125,200.108154296875
516,1291.0,316.8383483886719,974.1616516113281
517,468.0,592.1376953125,124.1376953125
518,1458.0,1982.3216552734375,524.3216552734375
519,2810.0,1555.4464111328125,1254.5535888671875
520,679.0,267.096923828125,411.903076171875
521,2831.0,1990.7584228515625,840.2415771484375
522,148.0,293.9523620605469,145.95236206054688
523,1368.0,1010.1439208984375,357.8560791015625
524,13617.0,11965.638671875,1651.361328125
525,265.0,630.2682495117188,365.26824951171875
526,9348.0,6325.80712890625,3022.19287109375
527,201.0,378.37554931640625,177.37554931640625
528,692.0,838.7611083984375,146.7611083984375
529,3237.0,4476.00244140625,1239.00244140625
530,2630.0,1409.30712890625,1220.69287109375
531,1298.0,829.1753540039062,468.82464599609375
532,377.0,337.8298034667969,39.170196533203125
533,828.0,969.685546875,141.685546875
534,1751.0,1001.2037353515625,749.7962646484375
535,0.0,656.8700561523438,656.8700561523438
536,5958.0,2771.337646484375,3186.662353515625
537,388.0,201.7450408935547,186.2549591064453
538,87.0,90.97465515136719,3.9746551513671875
539,710.0,198.029541015625,511.970458984375
540,11060.0,6711.396484375,4348.603515625
541,356.0,334.7080993652344,21.291900634765625
542,806.0,527.0075073242188,278.99249267578125
543,546.0,685.1824951171875,139.1824951171875
544,522.0,217.84217834472656,304.15782165527344
545,365.0,214.38931274414062,150.61068725585938
546,2332.0,2062.1533203125,269.8466796875
547,8562.0,6965.53173828125,1596.46826171875
548,11301.0,4631.55029296875,6669.44970703125
549,111.0,162.4996337890625,51.4996337890625
550,577.0,189.81826782226562,387.1817321777344
551,5997.0,15387.8349609375,9390.8349609375
552,1797.0,1742.257080078125,54.742919921875
553,568.0,3833.677490234375,3265.677490234375
554,2764.0,2030.287353515625,733.712646484375
555,110.0,102.04633331298828,7.953666687011719
556,4253.0,1657.3251953125,2595.6748046875
557,1043.0,585.5706787109375,457.4293212890625
558,824.0,887.610107421875,63.610107421875
559,380.0,1110.732666015625,730.732666015625
560,465.0,416.42559814453125,48.57440185546875
561,315.0,578.3687744140625,263.3687744140625
562,1225.0,1541.260009765625,316.260009765625
563,80.0,214.55316162109375,134.55316162109375
564,400.0,188.88763427734375,211.11236572265625
565,2616.0,2926.813232421875,310.813232421875
566,1093.0,704.252685546875,388.747314453125
567,781.0,1341.600830078125,560.600830078125
568,4341.0,2203.947021484375,2137.052978515625
569,16475.0,14876.0458984375,1598.9541015625
570,1079.0,1011.653564453125,67.346435546875
571,1945.0,357.9596862792969,1587.0403137207031
572,1587.0,1010.590087890625,576.409912109375
573,2846.0,4151.2705078125,1305.2705078125
574,1030.0,1180.67529296875,150.67529296875
575,2671.0,2250.578857421875,420.421142578125
576,9763.0,3523.230224609375,6239.769775390625
577,600.0,1496.269775390625,896.269775390625
578,125.0,55.099205017089844,69.90079498291016
579,1279.0,1523.3834228515625,244.3834228515625
580,2660.0,2587.843505859375,72.156494140625
581,3375.0,3230.92724609375,144.07275390625
582,2618.0,4388.296875,1770.296875
583,502.0,1990.0870361328125,1488.0870361328125
584,2025.0,1683.138671875,341.861328125
585,5349.0,3300.734619140625,2048.265380859375
586,21381.0,11867.990234375,9513.009765625
587,844.0,380.9359130859375,463.0640869140625
588,9028.0,12502.7529296875,3474.7529296875
589,442.0,421.1221008300781,20.877899169921875
590,2128.0,2508.1259765625,380.1259765625
591,1364.0,1652.4708251953125,288.4708251953125
592,2023.0,4973.888671875,2950.888671875
593,921.0,1677.9884033203125,756.9884033203125
594,993.0,592.4485473632812,400.55145263671875
595,1988.0,1811.6820068359375,176.3179931640625
596,5054.0,2694.37158203125,2359.62841796875
597,7781.0,4765.30126953125,3015.69873046875
598,1713.0,2130.039794921875,417.039794921875
599,3092.0,3238.81396484375,146.81396484375
600,2552.0,1560.15234375,991.84765625
601,890.0,761.39404296875,128.60595703125
602,3084.0,2401.56005859375,682.43994140625
603,1858.0,1254.2406005859375,603.7593994140625
604,1985.0,2101.61083984375,116.61083984375
605,2741.0,1441.7901611328125,1299.2098388671875
606,1002.0,857.3785400390625,144.6214599609375
607,1663.0,1905.42138671875,242.42138671875
608,592.0,1469.6893310546875,877.6893310546875
609,1732.0,1737.8321533203125,5.8321533203125
610,2387.0,2458.395751953125,71.395751953125
611,2232.0,719.2307739257812,1512.7692260742188
612,1212.0,1677.849853515625,465.849853515625
613,12722.0,11185.611328125,1536.388671875
614,2746.0,1741.4903564453125,1004.5096435546875
615,2492.0,560.605712890625,1931.394287109375
616,1672.0,1839.3653564453125,167.3653564453125
617,5901.0,4047.24609375,1853.75390625
618,728.0,968.4034423828125,240.4034423828125
619,2049.0,1076.400390625,972.599609375
620,1919.0,1787.0318603515625,131.9681396484375
621,1203.0,981.0240478515625,221.9759521484375
622,5362.0,2948.4560546875,2413.5439453125
623,1216.0,1109.0501708984375,106.9498291015625
624,4886.0,6384.96630859375,1498.96630859375
625,1352.0,920.4514770507812,431.54852294921875
626,4522.0,2859.727783203125,1662.272216796875
627,1262.0,797.3026123046875,464.6973876953125
628,1606.0,3202.687255859375,1596.687255859375
629,9264.0,5227.13818359375,4036.86181640625
630,46461.0,16124.5927734375,30336.4072265625
631,2520.0,1044.193359375,1475.806640625
632,5098.0,3250.05908203125,1847.94091796875
633,1978.0,1369.7598876953125,608.2401123046875
634,639.0,610.3070678710938,28.69293212890625
635,1846.0,2218.602294921875,372.602294921875
636,840.0,1085.4622802734375,245.4622802734375
637,464.0,1686.938720703125,1222.938720703125
638,1452.0,1462.388671875,10.388671875
639,2499.0,2406.4609375,92.5390625
640,1709.0,2496.8486328125,787.8486328125
641,3130.0,2916.642578125,213.357421875
642,5081.0,1480.6435546875,3600.3564453125
643,7075.0,5660.09375,1414.90625
644,2945.0,974.7442016601562,1970.2557983398438
645,1342.0,1776.634033203125,434.634033203125
646,10899.0,10736.6884765625,162.3115234375
647,1556.0,1123.679443359375,432.320556640625
648,2032.0,2547.751953125,515.751953125
649,3147.0,1276.6146240234375,1870.3853759765625
650,987.0,1250.5517578125,263.5517578125
651,2052.0,3060.0400390625,1008.0400390625
652,4005.0,1853.5228271484375,2151.4771728515625
653,1235.0,1584.83251953125,349.83251953125
654,1825.0,2148.389404296875,323.389404296875
655,6534.0,3448.98388671875,3085.01611328125
656,1805.0,1156.1534423828125,648.8465576171875
657,816.0,1381.03173828125,565.03173828125
658,6211.0,4842.5634765625,1368.4365234375
659,1758.0,2842.07275390625,1084.07275390625
660,3126.0,2630.425048828125,495.574951171875
661,2087.0,1558.9752197265625,528.0247802734375
662,1373.0,2054.722412109375,681.722412109375
663,902.0,970.9080810546875,68.9080810546875
664,3902.0,2844.7705078125,1057.2294921875
665,1766.0,2828.276611328125,1062.276611328125
666,298.0,941.5708618164062,643.5708618164062
667,376.0,1528.7122802734375,1152.7122802734375
668,2340.0,3274.48779296875,934.48779296875
669,2480.0,811.7402954101562,1668.2597045898438
670,684.0,654.6685180664062,29.33148193359375
671,533.0,5007.216796875,4474.216796875
672,991.0,3985.90625,2994.90625
673,3263.0,2748.421630859375,514.578369140625
674,3013.0,3397.556884765625,384.556884765625
675,2240.0,1764.1148681640625,475.8851318359375
676,1448.0,323.5179138183594,1124.4820861816406
677,1044.0,1391.05078125,347.05078125
678,14162.0,12707.5009765625,1454.4990234375
679,4160.0,2764.25927734375,1395.74072265625
680,2631.0,2086.659912109375,544.340087890625
681,1869.0,1404.3519287109375,464.6480712890625
682,1563.0,1705.9775390625,142.9775390625
683,2773.0,4672.1083984375,1899.1083984375
684,14674.0,6783.7216796875,7890.2783203125
685,342.0,418.7723388671875,76.7723388671875
686,6806.0,2300.834716796875,4505.165283203125
687,1084.0,1116.457763671875,32.457763671875
688,10630.0,7545.517578125,3084.482421875
689,1504.0,1003.2951049804688,500.70489501953125
690,1086.0,496.4610595703125,589.5389404296875
691,1950.0,2962.660400390625,1012.660400390625
692,5238.0,5133.501953125,104.498046875
693,291.0,699.7802124023438,408.78021240234375
694,9015.0,4486.39208984375,4528.60791015625
695,9180.0,12020.6298828125,2840.6298828125
696,2448.0,1394.724853515625,1053.275146484375
697,300.0,198.41262817382812,101.58737182617188
698,1923.0,3041.893310546875,1118.893310546875
699,8523.0,2466.986328125,6056.013671875
700,2271.0,4545.345703125,2274.345703125
701,1452.0,3063.86474609375,1611.86474609375
702,623.0,290.9252014160156,332.0747985839844
703,3343.0,2724.2978515625,618.7021484375
704,921.0,637.9766845703125,283.0233154296875
705,3660.0,2421.1650390625,1238.8349609375
706,4703.0,4932.46484375,229.46484375
707,3794.0,3658.892333984375,135.107666015625
708,3136.0,2721.003173828125,414.996826171875
709,665.0,356.5,308.5
710,1786.0,1594.385009765625,191.614990234375
711,22.0,508.8603515625,486.8603515625
712,4074.0,3377.79052734375,696.20947265625
713,2234.0,3538.346435546875,1304.346435546875
714,474.0,442.3648681640625,31.6351318359375
715,361.0,257.244873046875,103.755126953125
716,3309.0,1579.2313232421875,1729.7686767578125
717,7274.0,8973.712890625,1699.712890625
718,1861.0,1740.6488037109375,120.3511962890625
719,1696.0,1673.868408203125,22.131591796875
720,2406.0,2031.683837890625,374.316162109375
721,738.0,2379.734375,1641.734375
722,2756.0,2691.1201171875,64.8798828125
723,887.0,1079.9005126953125,192.9005126953125
724,444.0,989.0459594726562,545.0459594726562
725,1053.0,6109.32373046875,5056.32373046875
726,2696.0,1906.37890625,789.62109375
727,3603.0,1910.5859375,1692.4140625
728,1648.0,1873.4462890625,225.4462890625
729,1805.0,1473.9537353515625,331.0462646484375
730,779.0,974.997314453125,195.997314453125
731,1457.0,1651.9912109375,194.9912109375
732,1082.0,2036.001953125,954.001953125
733,17672.0,7496.02197265625,10175.97802734375
734,1633.0,1555.4154052734375,77.5845947265625
735,20.0,0.0,20.0
736,6.0,48.65564727783203,42.65564727783203
737,16.0,167.37298583984375,151.37298583984375
738,544.0,197.10369873046875,346.89630126953125
739,6521.0,9687.0732421875,3166.0732421875
740,231.0,183.30044555664062,47.699554443359375
741,84.0,164.251220703125,80.251220703125
742,621.0,2353.1396484375,1732.1396484375
743,95.0,64.07514953613281,30.924850463867188
744,258.0,869.0377197265625,611.0377197265625
745,186.0,246.04937744140625,60.04937744140625
746,25.0,20.150848388671875,4.849151611328125
747,51.0,25.239429473876953,25.760570526123047
748,1226.0,8046.18115234375,6820.18115234375
749,3842.0,6849.48974609375,3007.48974609375
750,18.0,339.8226623535156,321.8226623535156
751,6019.0,5932.99560546875,86.00439453125
752,47.0,22.433589935302734,24.566410064697266
753,40.0,32.096290588378906,7.903709411621094
754,370.0,281.7339782714844,88.26602172851562
755,11060.0,16912.27734375,5852.27734375
756,18.0,28.81436538696289,10.81436538696289
757,38.0,0.0,38.0
758,282.0,258.0970153808594,23.902984619140625
759,2.0,6.003769397735596,4.003769397735596
760,3623.0,3770.860595703125,147.860595703125
761,2490.0,2046.369140625,443.630859375
762,76.0,162.57508850097656,86.57508850097656
763,48.0,10.243623733520508,37.75637626647949
764,350.0,843.5963134765625,493.5963134765625
765,15138.0,22600.728515625,7462.728515625
766,9.0,27.15260887145996,18.15260887145996
767,0.0,62.93547821044922,62.93547821044922
768,36.0,3.575862169265747,32.42413783073425
769,14.0,0.0,14.0
770,1128.0,2060.677734375,932.677734375
771,278.0,199.43179321289062,78.56820678710938
772,9231.0,7536.3212890625,1694.6787109375
773,138.0,475.7667541503906,337.7667541503906
774,2676.0,7408.70703125,4732.70703125
775,840.0,697.7708740234375,142.2291259765625
776,7.0,0.0,7.0
777,69.0,22.790016174316406,46.209983825683594
778,313.0,3340.164794921875,3027.164794921875
779,4153.0,2258.24169921875,1894.75830078125
780,11.0,139.00650024414062,128.00650024414062
781,173.0,194.11790466308594,21.117904663085938
782,784.0,1619.9781494140625,835.9781494140625
783,559.0,218.66729736328125,340.33270263671875
784,21.0,0.0,21.0
785,519.0,1646.386474609375,1127.386474609375
786,161.0,641.6045532226562,480.60455322265625
787,852.0,205.2333221435547,646.7666778564453
788,427.0,179.77401733398438,247.22598266601562
789,1711.0,1172.5015869140625,538.4984130859375
790,2701.0,1595.76171875,1105.23828125
791,678.0,733.4319458007812,55.43194580078125
792,34.0,71.16268920898438,37.162689208984375
793,125.0,159.0841827392578,34.08418273925781
794,403.0,763.7928466796875,360.7928466796875
795,807.0,1006.0945434570312,199.09454345703125
796,27.0,43.48067855834961,16.48067855834961
797,747.0,260.9599914550781,486.0400085449219
798,106.0,210.87657165527344,104.87657165527344
799,858.0,780.4293823242188,77.57061767578125
800,12.0,57.6559944152832,45.6559944152832
801,1701.0,2155.2783203125,454.2783203125
802,7.0,84.8662338256836,77.8662338256836
803,1025.0,298.31658935546875,726.6834106445312
804,161.0,180.23304748535156,19.233047485351562
805,123.0,84.12359619140625,38.87640380859375
806,99.0,155.30447387695312,56.304473876953125
807,11.0,44.99918746948242,33.99918746948242
808,74.0,167.0777587890625,93.0777587890625
809,1475.0,837.0819702148438,637.9180297851562
810,74.0,250.22946166992188,176.22946166992188
811,6435.0,7304.9345703125,869.9345703125
812,0.0,200.77328491210938,200.77328491210938
813,16.0,439.5746765136719,423.5746765136719
814,323.0,529.4821166992188,206.48211669921875
815,1537.0,1712.2904052734375,175.2904052734375
816,336.0,265.1959228515625,70.8040771484375
817,363.0,407.3591613769531,44.359161376953125
818,10.0,0.0,10.0
819,217.0,488.7956848144531,271.7956848144531
820,117.0,103.13748168945312,13.862518310546875
821,551.0,774.4127807617188,223.41278076171875
822,1128.0,912.44140625,215.55859375
823,694.0,237.4822540283203,456.5177459716797
824,16.0,66.10102844238281,50.10102844238281
825,516.0,614.91748046875,98.91748046875
826,30.0,201.11329650878906,171.11329650878906
827,43.0,246.0110321044922,203.0110321044922
828,2237.0,1858.2939453125,378.7060546875
829,355.0,302.45574951171875,52.54425048828125
830,425.0,326.8314514160156,98.16854858398438
831,40.0,51.36354064941406,11.363540649414062
832,149.0,232.72201538085938,83.72201538085938
833,900.0,1192.9090576171875,292.9090576171875
834,232.0,248.29669189453125,16.29669189453125
835,10765.0,9934.7353515625,830.2646484375
836,931.0,1982.82568359375,1051.82568359375
837,200.0,182.19561767578125,17.80438232421875
838,154.0,137.30116271972656,16.698837280273438
839,170.0,218.60549926757812,48.605499267578125
840,327.0,355.12542724609375,28.12542724609375
841,4308.0,2748.349853515625,1559.650146484375
842,100.0,254.90579223632812,154.90579223632812
843,775.0,1815.29150390625,1040.29150390625
844,96.0,312.3836364746094,216.38363647460938
845,52.0,38.85673904418945,13.143260955810547
846,46.0,111.74510955810547,65.74510955810547
847,512.0,248.43373107910156,263.56626892089844
848,826.0,789.1806030273438,36.81939697265625
849,498.0,311.052001953125,186.947998046875
850,199.0,512.1170654296875,313.1170654296875
851,1632.0,577.6365966796875,1054.3634033203125
852,45.0,76.61541748046875,31.61541748046875
853,328.0,360.517578125,32.517578125
854,517.0,1548.175048828125,1031.175048828125
855,203.0,250.8101806640625,47.8101806640625
856,542.0,315.0918273925781,226.90817260742188
857,194.0,330.26092529296875,136.26092529296875
858,37.0,296.3197021484375,259.3197021484375
859,18.0,22.464326858520508,4.464326858520508
860,5.0,92.16648864746094,87.16648864746094
861,283.0,182.40347290039062,100.59652709960938
862,21.0,246.165283203125,225.165283203125
863,98.0,220.408447265625,122.408447265625
864,480.0,336.0679016113281,143.93209838867188
865,92.0,255.56875610351562,163.56875610351562
866,200.0,38.68230438232422,161.31769561767578
867,123.0,204.3422393798828,81.34223937988281
868,186.0,203.1013641357422,17.101364135742188
869,109.0,490.5003967285156,381.5003967285156
870,164.0,180.60757446289062,16.607574462890625
871,907.0,509.30322265625,397.69677734375
872,6.0,0.0,6.0
873,1027.0,457.1686706542969,569.8313293457031
874,544.0,298.23065185546875,245.76934814453125
875,264.0,505.00872802734375,241.00872802734375
876,161.0,218.99754333496094,57.99754333496094
877,406.0,361.02001953125,44.97998046875
878,284.0,141.12698364257812,142.87301635742188
879,599.0,684.6151733398438,85.61517333984375
880,28.0,35.935455322265625,7.935455322265625
881,200.0,237.1810760498047,37.18107604980469
882,5.0,199.19346618652344,194.19346618652344
883,217.0,214.3679962158203,2.6320037841796875
884,936.0,853.115966796875,82.884033203125
885,8.0,174.41319274902344,166.41319274902344
886,2.0,0.0,2.0
887,39.0,68.93760681152344,29.937606811523438
888,16.0,32.50897216796875,16.50897216796875
889,331.0,428.93896484375,97.93896484375
890,794.0,244.02352905273438,549.9764709472656
891,59.0,143.4727783203125,84.4727783203125
892,154.0,137.31051635742188,16.689483642578125
893,0.0,0.0,0.0
894,1567.0,640.0929565429688,926.9070434570312
895,37.0,173.438720703125,136.438720703125
896,199.0,211.44146728515625,12.44146728515625
897,265.0,300.5199279785156,35.519927978515625
898,896.0,427.8968505859375,468.1031494140625
899,321.0,900.60546875,579.60546875
900,185.0,433.6834411621094,248.68344116210938
901,19.0,119.85408020019531,100.85408020019531
902,89.0,180.82135009765625,91.82135009765625
903,15.0,96.02030944824219,81.02030944824219
904,12.0,1.3448175191879272,10.655182480812073
905,75.0,74.08780670166016,0.9121932983398438
906,186.0,126.68875122070312,59.311248779296875
907,217.0,264.09820556640625,47.09820556640625
908,0.0,0.0,0.0
909,689.0,266.3382568359375,422.6617431640625
910,74.0,220.4626922607422,146.4626922607422
911,466.0,638.1830444335938,172.18304443359375
912,10.0,25.578458786010742,15.578458786010742
913,300.0,1970.870849609375,1670.870849609375
914,212.0,507.07476806640625,295.07476806640625
915,329.0,342.7616882324219,13.761688232421875
916,55.0,195.88352966308594,140.88352966308594
917,418.0,220.9703826904297,197.0296173095703
918,472.0,348.49041748046875,123.50958251953125
919,98.0,356.1142883300781,258.1142883300781
920,522.0,1488.556396484375,966.556396484375
921,129.0,119.56828308105469,9.431716918945312
922,160.0,376.154541015625,216.154541015625
923,179.0,166.6751251220703,12.324874877929688
924,8.0,83.75851440429688,75.75851440429688
925,970.0,645.7118530273438,324.28814697265625
926,235.0,146.70057678222656,88.29942321777344
927,954.0,1132.4193115234375,178.4193115234375
928,117.0,367.8619689941406,250.86196899414062
929,72.0,163.7731475830078,91.77314758300781
930,6.0,186.0408172607422,180.0408172607422
931,275.0,305.7889404296875,30.7889404296875
932,4.0,227.0819091796875,223.0819091796875
933,6.0,20.9395694732666,14.939569473266602
934,109.0,115.39449310302734,6.394493103027344
935,333.0,389.10784912109375,56.10784912109375
936,48.0,123.47381591796875,75.47381591796875
937,480.0,747.8170166015625,267.8170166015625
938,154.0,219.09539794921875,65.09539794921875
939,121.0,81.45748138427734,39.542518615722656
940,371.0,328.12042236328125,42.87957763671875
941,4.0,0.0,4.0
942,35.0,255.56069946289062,220.56069946289062
943,216.0,279.6473388671875,63.6473388671875
944,6205.0,5885.904296875,319.095703125
945,142.0,450.33538818359375,308.33538818359375
946,92.0,363.5568542480469,271.5568542480469
947,138.0,198.21517944335938,60.215179443359375
948,521.0,253.520263671875,267.479736328125
949,203.0,282.851806640625,79.851806640625
950,1182.0,800.0736083984375,381.9263916015625
951,19.0,0.0,19.0
952,133.0,135.43760681152344,2.4376068115234375
953,204.0,356.3141784667969,152.31417846679688
954,286.0,204.2413330078125,81.7586669921875
955,56.0,81.57025146484375,25.57025146484375
956,19.0,0.0,19.0
957,216.0,169.82351684570312,46.176483154296875
958,85.0,130.04100036621094,45.04100036621094
959,454.0,203.8513946533203,250.1486053466797
960,205.0,210.39166259765625,5.39166259765625
961,1433.0,1293.18896484375,139.81103515625
962,652.0,752.9518432617188,100.95184326171875
963,160.0,225.0365753173828,65.03657531738281
964,1447.0,2010.074951171875,563.074951171875
965,59.0,168.3354949951172,109.33549499511719
966,1940.0,1113.9881591796875,826.0118408203125
967,1865.0,1427.47119140625,437.52880859375
968,101.0,149.76779174804688,48.767791748046875
969,1818.0,827.5787353515625,990.4212646484375
970,139.0,156.01275634765625,17.01275634765625
971,98.0,159.62884521484375,61.62884521484375
972,3333.0,4756.923828125,1423.923828125
973,672.0,1183.5174560546875,511.5174560546875
974,12.0,18.19754409790039,6.197544097900391
975,197.0,208.66168212890625,11.66168212890625
976,160.0,249.3653564453125,89.3653564453125
977,77.0,223.41319274902344,146.41319274902344
978,151.0,248.1196746826172,97.11967468261719
979,19.0,118.8905258178711,99.8905258178711
980,19.0,124.85702514648438,105.85702514648438
981,29.0,68.12466430664062,39.124664306640625
982,75.0,421.39263916015625,346.39263916015625
983,22.0,19.30713653564453,2.6928634643554688
984,260.0,217.13912963867188,42.860870361328125
985,308.0,299.236083984375,8.763916015625
986,389.0,125.80016326904297,263.19983673095703
987,0.0,56.230133056640625,56.230133056640625
988,1345.0,548.662353515625,796.337646484375
989,139.0,165.09324645996094,26.093246459960938
990,23.0,158.8582305908203,135.8582305908203
991,1242.0,721.8270263671875,520.1729736328125
992,570.0,1126.05419921875,556.05419921875
993,3.0,130.5271759033203,127.52717590332031
994,673.0,687.0215454101562,14.02154541015625
995,98.0,139.61050415039062,41.610504150390625
996,235.0,235.476806640625,0.476806640625
997,99.0,48.28559112548828,50.71440887451172
998,98.0,141.88914489746094,43.88914489746094
999,1365.0,1699.123046875,334.123046875
1000,145.0,215.1648406982422,70.16484069824219
1001,8820.0,2118.358642578125,6701.641357421875
1002,220.0,303.0416564941406,83.04165649414062
1003,29.0,152.20977783203125,123.20977783203125
1004,247.0,257.7269287109375,10.7269287109375
1005,30.0,224.98097229003906,194.98097229003906
1006,12.0,104.37124633789062,92.37124633789062
1007,0.0,80.17189025878906,80.17189025878906
1008,29.0,46.965789794921875,17.965789794921875
1009,194.0,345.5879211425781,151.58792114257812
1010,282.0,250.84765625,31.15234375
1011,124.0,118.26373291015625,5.73626708984375
1012,309.0,326.4451904296875,17.4451904296875
1013,334.0,643.30517578125,309.30517578125
1014,0.0,0.0,0.0
1015,50.0,128.986328125,78.986328125
1016,24.0,77.7196273803711,53.719627380371094
1017,667.0,658.8519287109375,8.1480712890625
1018,604.0,719.0208129882812,115.02081298828125
1019,1615.0,3366.63623046875,1751.63623046875
1020,149.0,153.3301239013672,4.3301239013671875
1021,358.0,163.06341552734375,194.93658447265625
1022,528.0,501.5953063964844,26.404693603515625
1023,740.0,898.6948852539062,158.69488525390625
1024,29.0,148.19517517089844,119.19517517089844
1025,55.0,34.19282150268555,20.807178497314453
1026,137.0,196.09024047851562,59.090240478515625
1027,41.0,95.61148834228516,54.611488342285156
1028,179.0,184.51495361328125,5.51495361328125
1029,2435.0,2893.851806640625,458.851806640625
1030,190.0,343.7414855957031,153.74148559570312
1031,27.0,263.5127258300781,236.51272583007812
1032,199.0,115.7830581665039,83.2169418334961
1033,45.0,184.30859375,139.30859375
1034,1832.0,1698.6634521484375,133.3365478515625
1035,590.0,390.39971923828125,199.60028076171875
1036,281.0,233.89096069335938,47.109039306640625
1037,166.0,145.10220336914062,20.897796630859375
1038,10.0,50.69806671142578,40.69806671142578
1039,14.0,36.659427642822266,22.659427642822266
1040,75.0,637.6716918945312,562.6716918945312
1041,167.0,369.85784912109375,202.85784912109375
1042,637.0,478.92950439453125,158.07049560546875
1043,9.0,0.0,9.0
1044,54.0,101.5776596069336,47.577659606933594
1045,60.0,205.1234130859375,145.1234130859375
1046,266.0,303.4962463378906,37.496246337890625
1047,609.0,588.9188232421875,20.0811767578125
1048,353.0,967.3099975585938,614.3099975585938
1049,543.0,347.55560302734375,195.44439697265625
1050,461.0,614.3823852539062,153.38238525390625
1051,996.0,361.2179870605469,634.7820129394531
1052,94.0,49.16063690185547,44.83936309814453
1053,1411.0,1060.796875,350.203125
1054,590.0,448.981201171875,141.018798828125
1055,101.0,154.92047119140625,53.92047119140625
1056,202.0,643.1386108398438,441.13861083984375
1057,46.0,261.1728820800781,215.17288208007812
1058,252.0,308.9669494628906,56.966949462890625
1059,77.0,113.00288391113281,36.00288391113281
1060,11.0,100.28270721435547,89.28270721435547
1061,519.0,307.8399353027344,211.16006469726562
1062,450.0,425.6640319824219,24.335968017578125
1063,48.0,169.06517028808594,121.06517028808594
1064,452.0,126.89893341064453,325.10106658935547
1065,37.0,89.35376739501953,52.35376739501953
1066,757.0,309.45135498046875,447.54864501953125
1067,31.0,44.22185134887695,13.221851348876953
1068,298.0,238.8999481201172,59.10005187988281
1069,162.0,262.11895751953125,100.11895751953125
1070,119.0,214.87840270996094,95.87840270996094
1071,24.0,230.5806884765625,206.5806884765625
1072,2553.0,995.718994140625,1557.281005859375
1073,36.0,187.10540771484375,151.10540771484375
1074,72.0,263.3025817871094,191.30258178710938
1075,82.0,74.69376373291016,7.306236267089844
1076,0.0,57.44188690185547,57.44188690185547
1077,26.0,138.94320678710938,112.94320678710938
1078,4162.0,1737.1651611328125,2424.8348388671875
1079,1362.0,289.9612731933594,1072.0387268066406
1080,757.0,525.284423828125,231.715576171875
1081,96.0,162.14404296875,66.14404296875
1082,122.0,201.7253875732422,79.72538757324219
1083,264.0,364.1900634765625,100.1900634765625
1084,35.0,15.860661506652832,19.139338493347168
1085,5.0,0.0,5.0
1086,121.0,206.67295837402344,85.67295837402344
1087,5301.0,2271.220703125,3029.779296875
1088,25.0,164.51535034179688,139.51535034179688
1089,987.0,288.0873718261719,698.9126281738281
1090,154.0,519.9214477539062,365.92144775390625
1091,490.0,278.49884033203125,211.50115966796875
1092,246.0,227.8999481201172,18.100051879882812
1093,72.0,125.65995025634766,53.659950256347656
1094,11.0,0.0,11.0
1095,122.0,52.319007873535156,69.68099212646484
1096,163.0,167.51837158203125,4.51837158203125
1097,204.0,250.58029174804688,46.580291748046875
1098,265.0,331.115966796875,66.115966796875
1099,126.0,232.69125366210938,106.69125366210938
1100,301.0,253.1219024658203,47.87809753417969
1101,1146.0,1097.7568359375,48.2431640625
1102,298.0,185.03457641601562,112.96542358398438
1103,414.0,502.31939697265625,88.31939697265625
1104,530.0,565.1768798828125,35.1768798828125
1105,728.0,1235.9544677734375,507.9544677734375
1106,93.0,579.7203369140625,486.7203369140625
1107,0.0,142.38580322265625,142.38580322265625
1108,4.0,121.74400329589844,117.74400329589844
1109,397.0,426.6086120605469,29.608612060546875
1110,61.0,87.53223419189453,26.53223419189453
1111,249.0,247.5773468017578,1.4226531982421875
1112,174.0,215.13131713867188,41.131317138671875
1113,474.0,181.03817749023438,292.9618225097656
1114,143.0,217.2314453125,74.2314453125
1115,18.0,124.49333190917969,106.49333190917969
1116,98.0,187.2698974609375,89.2698974609375
1117,1167.0,3337.490234375,2170.490234375
1118,80.0,49.86189270019531,30.138107299804688
1119,345.0,593.3583374023438,248.35833740234375
1120,217.0,238.95977783203125,21.95977783203125
1121,171.0,267.7476806640625,96.7476806640625
1122,160.0,185.36257934570312,25.362579345703125
1123,11.0,25.769020080566406,14.769020080566406
1124,14.0,28.56544303894043,14.56544303894043
1125,304.0,217.26589965820312,86.73410034179688
1126,6.0,57.4099006652832,51.4099006652832
1127,10.0,5.77942419052124,4.22057580947876
1128,384.0,384.0641784667969,0.064178466796875
1129,14.0,80.6276626586914,66.6276626586914
1130,1884.0,1619.9112548828125,264.0887451171875
1131,568.0,375.8787841796875,192.1212158203125
1132,363.0,885.1351318359375,522.1351318359375
1133,142.0,143.24366760253906,1.2436676025390625
1134,439.0,352.717529296875,86.282470703125
1135,90.0,131.05810546875,41.05810546875
1136,60.0,160.88771057128906,100.88771057128906
1137,739.0,806.1140747070312,67.11407470703125
1138,2394.0,857.3584594726562,1536.6415405273438
1139,4115.0,1604.095703125,2510.904296875
1140,289.0,232.3824462890625,56.6175537109375
1141,683.0,538.2162475585938,144.78375244140625
1142,160.0,151.82809448242188,8.171905517578125
1143,1608.0,288.50335693359375,1319.4966430664062
1144,302.0,197.76397705078125,104.23602294921875
1145,190.0,224.66041564941406,34.66041564941406
1146,649.0,839.592529296875,190.592529296875
1147,170.0,101.97249603271484,68.02750396728516
1148,160.0,148.5550994873047,11.444900512695312
1149,9.0,123.28013610839844,114.28013610839844
1150,2511.0,3694.97314453125,1183.97314453125
1151,1324.0,616.2293090820312,707.7706909179688
1152,1350.0,402.3846130371094,947.6153869628906
1153,1178.0,1635.4857177734375,457.4857177734375
1154,840.0,879.1304931640625,39.1304931640625
1155,263.0,343.9995422363281,80.99954223632812
1156,52.0,66.73284149169922,14.732841491699219
1157,86.0,182.51475524902344,96.51475524902344
1158,392.0,155.6622314453125,236.3377685546875
1159,49.0,396.36456298828125,347.36456298828125
1160,21.0,127.93077087402344,106.93077087402344
1161,267.0,187.34640502929688,79.65359497070312
1162,418.0,113.4610824584961,304.5389175415039
1163,146.0,116.09613037109375,29.90386962890625
1164,255.0,83.7076416015625,171.2923583984375
1165,1795.0,2308.60546875,513.60546875
1166,933.0,1451.6798095703125,518.6798095703125
1167,582.0,807.292724609375,225.292724609375
1168,9.0,42.492469787597656,33.492469787597656
1169,321.0,2084.065673828125,1763.065673828125
1170,735.0,1019.5575561523438,284.55755615234375
1171,54.0,150.98092651367188,96.98092651367188
1172,343.0,209.32827758789062,133.67172241210938
1173,2.0,76.94894409179688,74.94894409179688
1174,0.0,21.551706314086914,21.551706314086914
1175,270.0,180.7790069580078,89.22099304199219
1176,63.0,191.14035034179688,128.14035034179688
1177,473.0,1078.8892822265625,605.8892822265625
1178,93.0,94.42457580566406,1.4245758056640625
1179,187.0,295.710205078125,108.710205078125
1180,0.0,0.0,0.0
1181,88.0,168.98399353027344,80.98399353027344
1182,136.0,138.8079833984375,2.8079833984375
1183,2931.0,1484.7401123046875,1446.2598876953125
1184,24.0,226.51800537109375,202.51800537109375
1185,115.0,166.06768798828125,51.06768798828125
1186,37.0,130.94403076171875,93.94403076171875
1187,512.0,680.4100341796875,168.4100341796875
1188,53.0,70.17472076416016,17.174720764160156
1189,3143.0,2443.607666015625,699.392333984375
1190,157.0,34.20550537109375,122.79449462890625
1191,34.0,143.17727661132812,109.17727661132812
1192,34.0,113.75830841064453,79.75830841064453
1193,43.0,46.87995910644531,3.8799591064453125
1194,193.0,316.1361083984375,123.1361083984375
1195,2164.0,438.8320617675781,1725.1679382324219
1196,3410.0,3009.42724609375,400.57275390625
1197,200.0,186.33253479003906,13.667465209960938
1198,292.0,167.61257934570312,124.38742065429688
1199,1031.0,818.2432861328125,212.7567138671875
1200,25.0,52.194034576416016,27.194034576416016
1201,438.0,308.8423767089844,129.15762329101562
1202,105.0,106.30708312988281,1.3070831298828125
1203,58.0,105.21272277832031,47.21272277832031
1204,299.0,687.3817138671875,388.3817138671875
1205,133.0,150.54977416992188,17.549774169921875
1206,269.0,181.30340576171875,87.69659423828125
1207,151.0,196.18411254882812,45.184112548828125
1208,261.0,470.3689270019531,209.36892700195312
1209,559.0,734.3720092773438,175.37200927734375
1210,39.0,86.025634765625,47.025634765625
1211,6.0,14.893125534057617,8.893125534057617
1212,21.0,48.33332824707031,27.333328247070312
1213,44.0,66.1865463256836,22.186546325683594
1214,761.0,593.4915161132812,167.50848388671875
1215,1127.0,1220.5740966796875,93.5740966796875
1216,1670.0,2470.84716796875,800.84716796875
1217,1870.0,2877.695068359375,1007.695068359375
1218,94.0,4.9432902336120605,89.05670976638794
1219,22.0,131.8299102783203,109.82991027832031
1220,43.0,214.63046264648438,171.63046264648438
1221,211.0,606.9415893554688,395.94158935546875
1222,2606.0,1639.498046875,966.501953125
1223,9.0,143.65374755859375,134.65374755859375
1224,196.0,257.5466613769531,61.546661376953125
1225,68.0,80.62639617919922,12.626396179199219
1226,0.0,0.0,0.0
1227,31.0,115.51215362548828,84.51215362548828
1228,80.0,166.10321044921875,86.10321044921875
1229,3747.0,5300.0107421875,1553.0107421875
1230,243.0,276.27496337890625,33.27496337890625
1231,673.0,1004.9505615234375,331.9505615234375
1232,149.0,1561.712646484375,1412.712646484375
1233,32.0,179.81443786621094,147.81443786621094
1234,8.0,84.65970611572266,76.65970611572266
1235,0.0,85.2672119140625,85.2672119140625
1236,580.0,875.3193969726562,295.31939697265625
1237,10.0,71.89732360839844,61.89732360839844
1238,348.0,665.5177001953125,317.5177001953125
1239,69.0,221.74913024902344,152.74913024902344
1240,18.0,52.675140380859375,34.675140380859375
1241,300.0,196.55892944335938,103.44107055664062
1242,72.0,233.9293212890625,161.9293212890625
1243,38.0,182.96852111816406,144.96852111816406
1244,2190.0,1580.83349609375,609.16650390625
1245,290.0,952.4521484375,662.4521484375
1246,46.0,630.0174560546875,584.0174560546875
1247,760.0,957.414794921875,197.414794921875
1248,126.0,117.90196228027344,8.098037719726562
1249,20.0,97.69351959228516,77.69351959228516
1250,18.0,88.57310485839844,70.57310485839844
1251,459.0,547.3583984375,88.3583984375
1252,155.0,251.3003387451172,96.30033874511719
1253,320.0,1660.5169677734375,1340.5169677734375
1254,3133.0,1162.986572265625,1970.013427734375
1255,75.0,95.61750793457031,20.617507934570312
1256,24.0,241.0573272705078,217.0573272705078
1257,165.0,533.74853515625,368.74853515625
1258,72.0,116.58939361572266,44.589393615722656
1259,1923.0,3902.947998046875,1979.947998046875
1260,855.0,1455.0982666015625,600.0982666015625
1261,354.0,267.187744140625,86.812255859375
1262,6.0,23.577743530273438,17.577743530273438
1263,441.0,307.4658203125,133.5341796875
1264,1789.0,1015.4793701171875,773.5206298828125
1265,13.0,0.0,13.0
1266,26.0,110.86701965332031,84.86701965332031
1267,38.0,136.42709350585938,98.42709350585938
1268,66.0,34.10092544555664,31.89907455444336
1269,61.0,153.933349609375,92.933349609375
1270,248.0,320.7943115234375,72.7943115234375
1271,30.0,360.9382629394531,330.9382629394531
1272,286.0,362.6579895019531,76.65798950195312
1273,179.0,205.94381713867188,26.943817138671875
1274,466.0,896.476806640625,430.476806640625
1275,102.0,284.0528869628906,182.05288696289062
1276,1292.0,241.9466094970703,1050.0533905029297
1277,1045.0,770.0407104492188,274.95928955078125
1278,8.0,0.0,8.0
1279,1314.0,1532.8553466796875,218.8553466796875
1280,89.0,129.25466918945312,40.254669189453125
1281,108.0,75.80782318115234,32.192176818847656
1282,302.0,328.7153625488281,26.715362548828125
1283,80.0,91.72565460205078,11.725654602050781
1284,101.0,76.88030242919922,24.11969757080078
1285,614.0,303.588623046875,310.411376953125
1286,397.0,291.8802490234375,105.1197509765625
1287,448.0,474.127685546875,26.127685546875
1288,51.0,76.02032470703125,25.02032470703125
1289,64.0,503.1839599609375,439.1839599609375
1290,3209.0,1760.9283447265625,1448.0716552734375
1291,310.0,332.2406921386719,22.240692138671875
1292,1498.0,2776.85205078125,1278.85205078125
1293,0.0,0.0,0.0
1294,701.0,675.8501586914062,25.14984130859375
1295,258.0,744.1737670898438,486.17376708984375
1296,175.0,203.76499938964844,28.764999389648438
1297,18.0,0.0,18.0
1298,88.0,131.29922485351562,43.299224853515625
1299,2291.0,1720.6016845703125,570.3983154296875
1300,1189.0,1123.9005126953125,65.0994873046875
1301,341.0,404.7988586425781,63.798858642578125
1302,18.0,31.907758712768555,13.907758712768555
1303,122.0,244.5353240966797,122.53532409667969
1304,11.0,86.28517150878906,75.28517150878906
1305,2016.0,517.3873291015625,1498.6126708984375
1306,96.0,803.780517578125,707.780517578125
1307,673.0,1599.2332763671875,926.2332763671875
1308,315.0,550.720703125,235.720703125
1309,75.0,109.24189758300781,34.24189758300781
1310,1672.0,2900.630126953125,1228.630126953125
1311,4887.0,5818.755859375,931.755859375
1312,446.0,1239.936279296875,793.936279296875
1313,4034.0,4134.1640625,100.1640625
1314,2655.0,3132.696044921875,477.696044921875
1315,514.0,523.62109375,9.62109375
1316,512.0,443.396484375,68.603515625
1317,443.0,1837.799560546875,1394.799560546875
1318,192.0,158.76516723632812,33.234832763671875
1319,144.0,229.00213623046875,85.00213623046875
1320,7542.0,3653.123779296875,3888.876220703125
1321,214.0,419.728271484375,205.728271484375
1322,484.0,606.9667358398438,122.96673583984375
1323,1300.0,1464.7135009765625,164.7135009765625
1324,441.0,388.583740234375,52.416259765625
1325,2118.0,3788.149169921875,1670.149169921875
1326,450.0,480.5301208496094,30.530120849609375
1327,672.0,120.55685424804688,551.4431457519531
1328,242.0,280.98870849609375,38.98870849609375
1329,13639.0,12693.4609375,945.5390625
1330,160.0,162.0675811767578,2.0675811767578125
1331,218.0,424.5671081542969,206.56710815429688
1332,2670.0,3658.79638671875,988.79638671875
1333,695.0,1189.8594970703125,494.8594970703125
1334,87.0,357.6291809082031,270.6291809082031
1335,458.0,569.5372314453125,111.5372314453125
1336,1368.0,399.7446594238281,968.2553405761719
1337,274.0,250.9705810546875,23.0294189453125
1338,16.0,7.33563756942749,8.66436243057251
1339,23.0,151.26998901367188,128.26998901367188
1340,161.0,100.9226303100586,60.077369689941406
1341,123.0,526.3601684570312,403.36016845703125
1342,126.0,256.802490234375,130.802490234375
1343,616.0,254.0276641845703,361.9723358154297
1344,2416.0,2239.316162109375,176.683837890625
1345,1045.0,1126.057373046875,81.057373046875
1346,438.0,1018.2608032226562,580.2608032226562
1347,123.0,198.57691955566406,75.57691955566406
1348,42.0,327.4051513671875,285.4051513671875
1349,397.0,206.42359924316406,190.57640075683594
1350,373.0,656.41259765625,283.41259765625
1351,2677.0,1803.4146728515625,873.5853271484375
1352,211.0,323.4526062011719,112.45260620117188
1353,526.0,612.4353637695312,86.43536376953125
1354,1778.0,2342.092529296875,564.092529296875
1355,3021.0,3143.84375,122.84375
1356,654.0,1205.4329833984375,551.4329833984375
1357,2078.0,2715.871826171875,637.871826171875
1358,1612.0,278.5544128417969,1333.4455871582031
1359,741.0,578.9401245117188,162.05987548828125
1360,604.0,1292.2999267578125,688.2999267578125
1361,6668.0,3194.59326171875,3473.40673828125
1362,1.0,81.25180053710938,80.25180053710938
1363,4145.0,3440.0322265625,704.9677734375
1364,435.0,690.1552124023438,255.15521240234375
1365,675.0,889.973388671875,214.973388671875
1366,180.0,319.1051025390625,139.1051025390625
1367,1615.0,601.2683715820312,1013.7316284179688
1368,897.0,816.6943969726562,80.30560302734375
1369,170.0,225.6905517578125,55.6905517578125
1370,553.0,283.6894226074219,269.3105773925781
1371,348.0,415.74090576171875,67.74090576171875
1372,779.0,481.9372863769531,297.0627136230469
1373,952.0,466.57525634765625,485.42474365234375
1374,168.0,226.64776611328125,58.64776611328125
1375,465.0,484.80572509765625,19.80572509765625
1376,639.0,546.2394409179688,92.76055908203125
1377,484.0,3201.765625,2717.765625
1378,351.0,200.8914031982422,150.1085968017578
1379,5804.0,6335.396484375,531.396484375
1380,200.0,779.948974609375,579.948974609375
1381,3902.0,4123.55810546875,221.55810546875
1382,43.0,271.1824951171875,228.1824951171875
1383,1227.0,1768.4061279296875,541.4061279296875
1384,5618.0,1638.3665771484375,3979.6334228515625
1385,173.0,179.61126708984375,6.61126708984375
1386,3661.0,2300.648193359375,1360.351806640625
1387,56.0,238.78993225097656,182.78993225097656
1388,51.0,189.3563995361328,138.3563995361328
1389,279.0,368.6826171875,89.6826171875
1390,11.0,85.11570739746094,74.11570739746094
1391,373.0,748.9497680664062,375.94976806640625
1392,713.0,509.9300231933594,203.06997680664062
1393,2660.0,1051.5662841796875,1608.4337158203125
1394,6.0,126.42315673828125,120.42315673828125
1395,7754.0,6695.970703125,1058.029296875
1396,692.0,418.8646240234375,273.1353759765625
1397,2058.0,2879.096923828125,821.096923828125
1398,89.0,145.42318725585938,56.423187255859375
1399,1222.0,698.8789672851562,523.1210327148438
1400,1910.0,526.1439208984375,1383.8560791015625
1401,132.0,788.1926879882812,656.1926879882812
1402,530.0,536.2607421875,6.2607421875
1403,174.0,866.7387084960938,692.7387084960938
1404,2428.0,2269.108642578125,158.891357421875
1405,0.0,14.936652183532715,14.936652183532715
1406,132.0,106.60070037841797,25.39929962158203
1407,123.0,166.55433654785156,43.55433654785156
1408,538.0,495.6649169921875,42.3350830078125
1409,2118.0,1503.53369140625,614.46630859375
1410,105.0,158.54098510742188,53.540985107421875
1411,166.0,72.00886535644531,93.99113464355469
1412,1049.0,542.9526977539062,506.04730224609375
1413,252.0,1849.057373046875,1597.057373046875
1414,665.0,1275.7615966796875,610.7615966796875
1415,440.0,387.7315979003906,52.268402099609375
1416,2305.0,1775.6788330078125,529.3211669921875
1417,16.0,274.4734191894531,258.4734191894531
1418,88.0,514.8499755859375,426.8499755859375
1419,2231.0,1749.992431640625,481.007568359375
1420,3312.0,4185.39697265625,873.39697265625
1421,413.0,611.507080078125,198.507080078125
1422,1850.0,1749.5963134765625,100.4036865234375
1423,780.0,955.4691162109375,175.4691162109375
1424,62517.0,29964.4765625,32552.5234375
1425,2443.0,2178.576904296875,264.423095703125
1426,572.0,1649.89501953125,1077.89501953125
1427,332.0,294.5885314941406,37.411468505859375
1428,1226.0,349.9709167480469,876.0290832519531
1429,3432.0,2622.642578125,809.357421875
1430,448.0,804.3577270507812,356.35772705078125
1431,186.0,1197.9478759765625,1011.9478759765625
1432,1338.0,327.1576843261719,1010.8423156738281
1433,133.0,350.3215637207031,217.32156372070312
1434,1230.0,981.14794921875,248.85205078125
1435,286.0,326.4552307128906,40.455230712890625
1436,447.0,333.59063720703125,113.40936279296875
1437,334.0,247.8128204345703,86.18717956542969
1438,136.0,260.1403503417969,124.14035034179688
1439,2621.0,2516.107177734375,104.892822265625
1440,172.0,519.596923828125,347.596923828125
1441,14.0,94.69800567626953,80.69800567626953
1442,5594.0,2021.09765625,3572.90234375
1443,160.0,125.3955307006836,34.604469299316406
1444,1350.0,688.2608642578125,661.7391357421875
1445,12.0,0.0,12.0
1446,426.0,358.7822265625,67.2177734375
1447,188.0,1080.362060546875,892.362060546875
1448,744.0,1102.3677978515625,358.3677978515625
1449,496.0,250.71080017089844,245.28919982910156
1450,8030.0,3992.35400390625,4037.64599609375
1451,459.0,278.35931396484375,180.64068603515625
1452,1250.0,974.9658203125,275.0341796875
1453,2389.0,2645.117431640625,256.117431640625
1454,36.0,330.053955078125,294.053955078125
1455,75.0,703.1619262695312,628.1619262695312
1456,16.0,25.6717586517334,9.671758651733398
1457,818.0,704.837158203125,113.162841796875
1458,795.0,435.1991882324219,359.8008117675781
1459,1100.0,679.1813354492188,420.81866455078125
1460,414.0,787.8482055664062,373.84820556640625
1461,690.0,558.4928588867188,131.50714111328125
1462,1206.0,648.9403076171875,557.0596923828125
1463,1128.0,1410.9447021484375,282.9447021484375
1464,2990.0,4521.6796875,1531.6796875
1465,450.0,222.7567596435547,227.2432403564453
1466,16942.0,21221.498046875,4279.498046875
1467,912.0,2071.52880859375,1159.52880859375
1468,567.0,281.6793212890625,285.3206787109375
1469,1037.0,486.0136413574219,550.9863586425781
1470,237.0,280.8705139160156,43.870513916015625
1471,2614.0,3313.795654296875,699.795654296875
1472,136.0,383.5540771484375,247.5540771484375
1473,1020.0,788.133056640625,231.866943359375
1474,4203.0,3124.671875,1078.328125
1475,221.0,573.0427856445312,352.04278564453125
1476,1962.0,1605.8941650390625,356.1058349609375
1477,690.0,252.35198974609375,437.64801025390625
1478,693.0,1425.9417724609375,732.9417724609375
1479,2408.0,1357.3035888671875,1050.6964111328125
1480,320.0,2182.77490234375,1862.77490234375
1481,237.0,170.27003479003906,66.72996520996094
1482,1003.0,2126.62255859375,1123.62255859375
1483,384.0,601.7525024414062,217.75250244140625
1484,4305.0,3429.46240234375,875.53759765625
1485,1651.0,1186.8157958984375,464.1842041015625
1486,992.0,777.7664184570312,214.23358154296875
1487,4184.0,7947.40234375,3763.40234375
1488,807.0,979.9677734375,172.9677734375
1489,1446.0,2652.711669921875,1206.711669921875
1490,2789.0,2764.033447265625,24.966552734375
1491,244.0,237.70936584472656,6.2906341552734375
1492,136.0,761.870849609375,625.870849609375
1493,1070.0,1097.7891845703125,27.7891845703125
1494,624.0,385.7849426269531,238.21505737304688
1495,1531.0,1659.63134765625,128.63134765625
1496,5035.0,2213.779541015625,2821.220458984375
1497,162.0,245.0599365234375,83.0599365234375
1498,1999.0,1622.7991943359375,376.2008056640625
1499,2632.0,1428.6444091796875,1203.3555908203125
1500,8.0,13.815156936645508,5.815156936645508
1501,1674.0,3392.193603515625,1718.193603515625
1502,92.0,217.13951110839844,125.13951110839844
1503,660.0,591.3292236328125,68.6707763671875
1504,750.0,961.6954345703125,211.6954345703125
1505,4126.0,3206.41796875,919.58203125
1506,232.0,288.40496826171875,56.40496826171875
1507,2259.0,3433.896240234375,1174.896240234375
1508,124.0,469.2478942871094,345.2478942871094
1509,3388.0,2583.500244140625,804.499755859375
1510,72.0,99.46963500976562,27.469635009765625
1511,738.0,528.1011962890625,209.8988037109375
1512,259.0,418.94171142578125,159.94171142578125
1513,530.0,1767.5479736328125,1237.5479736328125
1514,240.0,310.5060119628906,70.50601196289062
1515,2544.0,2199.0087890625,344.9912109375
1516,767.0,1865.149658203125,1098.149658203125
1517,3830.0,1004.83740234375,2825.16259765625
1518,6030.0,4462.7041015625,1567.2958984375
1519,865.0,1945.1278076171875,1080.1278076171875
1520,16.0,32.6133918762207,16.613391876220703
1521,666.0,559.2498779296875,106.7501220703125
1522,957.0,559.9190063476562,397.08099365234375
1523,1342.0,1088.603515625,253.396484375
1524,1560.0,1197.90966796875,362.09033203125
1525,187.0,138.55587768554688,48.444122314453125
1526,18.0,116.22941589355469,98.22941589355469
1527,625.0,2191.977783203125,1566.977783203125
1528,7929.0,2666.083251953125,5262.916748046875
1529,6713.0,2841.779052734375,3871.220947265625
1530,3064.0,2423.491943359375,640.508056640625
1531,10354.0,5974.74853515625,4379.25146484375
1532,1290.0,2898.8515625,1608.8515625
1533,5533.0,6575.810546875,1042.810546875
1534,5001.0,3076.454345703125,1924.545654296875
1535,15951.0,4118.47119140625,11832.52880859375
1536,5214.0,4887.6708984375,326.3291015625
1537,8745.0,5578.55517578125,3166.44482421875
1538,6121.0,4096.7509765625,2024.2490234375
1539,2651.0,2842.461669921875,191.461669921875
1540,3426.0,1948.33984375,1477.66015625
1541,35748.0,28048.923828125,7699.076171875
1542,3040.0,3972.16650390625,932.16650390625
1543,11194.0,6578.36376953125,4615.63623046875
1544,3717.0,3447.073486328125,269.926513671875
1545,1908.0,2822.549072265625,914.549072265625
1546,2526.0,2121.529541015625,404.470458984375
1547,1422.0,2182.553955078125,760.553955078125
1548,3046.0,1147.963134765625,1898.036865234375
1549,414.0,624.3353881835938,210.33538818359375
1550,2159.0,2022.740966796875,136.259033203125
1551,327.0,955.5150146484375,628.5150146484375
1552,1808.0,2635.998046875,827.998046875
1553,3272.0,5282.62158203125,2010.62158203125
1554,123.0,185.89561462402344,62.89561462402344
1555,6037.0,4134.5107421875,1902.4892578125
1556,172.0,206.14768981933594,34.14768981933594
1557,3475.0,3685.95166015625,210.95166015625
1558,158.0,361.78826904296875,203.78826904296875
1559,605.0,1939.8330078125,1334.8330078125
1560,4277.0,3761.91162109375,515.08837890625
1561,3035.0,2221.716064453125,813.283935546875
1562,237.0,186.66183471679688,50.338165283203125
1563,1104.0,2331.123779296875,1227.123779296875
1564,6399.0,7518.96337890625,1119.96337890625
1565,4663.0,7145.994140625,2482.994140625
1566,3203.0,2853.099609375,349.900390625
1567,2554.0,1864.19482421875,689.80517578125
1568,6374.0,6082.54296875,291.45703125
1569,52.0,151.92437744140625,99.92437744140625
1570,1943.0,7033.22998046875,5090.22998046875
1571,30177.0,19889.58984375,10287.41015625
1572,352.0,341.4746398925781,10.525360107421875
1573,932.0,1748.8707275390625,816.8707275390625
1574,1471.0,1475.3699951171875,4.3699951171875
1575,6623.0,6184.306640625,438.693359375
1576,267.0,827.9547119140625,560.9547119140625
1577,7799.0,7883.62548828125,84.62548828125
1578,3462.0,1025.92431640625,2436.07568359375
1579,2710.0,1609.2818603515625,1100.7181396484375
1580,32.0,329.17626953125,297.17626953125
1581,264.0,395.6398010253906,131.63980102539062
1582,205.0,497.1472473144531,292.1472473144531
1583,352.0,428.65887451171875,76.65887451171875
1584,1244.0,2050.503662109375,806.503662109375
1585,855.0,1330.36328125,475.36328125
1586,1825.0,2197.52783203125,372.52783203125
1587,973.0,1559.8314208984375,586.8314208984375
1588,1283.0,2459.642578125,1176.642578125
1589,469.0,290.1593017578125,178.8406982421875
1590,4933.0,3890.734130859375,1042.265869140625
1591,1993.0,2550.48583984375,557.48583984375
1592,2426.0,4146.88818359375,1720.88818359375
1593,1739.0,1482.92822265625,256.07177734375
1594,308.0,335.7638244628906,27.763824462890625
1595,2796.0,987.11376953125,1808.88623046875
1596,1708.0,1961.5992431640625,253.5992431640625
1597,433.0,367.9709167480469,65.02908325195312
1598,877.0,782.719482421875,94.280517578125
1599,1600.0,1839.9410400390625,239.9410400390625
1600,1778.0,3566.7890625,1788.7890625
1601,624.0,1501.1917724609375,877.1917724609375
1602,33.0,85.40357208251953,52.40357208251953
1603,34.0,0.0,34.0
1604,36.0,33.1696662902832,2.830333709716797
1605,50.0,156.85214233398438,106.85214233398438
1606,4.0,66.05097961425781,62.05097961425781
1607,32.0,0.0,32.0
1608,54.0,0.0,54.0
1609,91.0,22.12330436706543,68.87669563293457
1610,28.0,16.30130958557129,11.698690414428711
1611,89.0,21.039438247680664,67.96056175231934
1612,60.0,47.949546813964844,12.050453186035156
1613,112.0,674.4949951171875,562.4949951171875
1614,23.0,0.0,23.0
1615,188.0,46.281394958496094,141.7186050415039
1616,38.0,0.0,38.0
1617,29.0,60.14653015136719,31.146530151367188
1618,20.0,74.67716979980469,54.67716979980469
1619,20.0,141.86463928222656,121.86463928222656
1620,4.0,39.30270004272461,35.30270004272461
1621,25.0,19.373138427734375,5.626861572265625
1622,208.0,1883.6578369140625,1675.6578369140625
1623,17.0,4.645181179046631,12.35481882095337
1624,364.0,273.0404357910156,90.95956420898438
1625,9049.0,10305.7529296875,1256.7529296875
1626,5.0,0.0,5.0
1627,123.0,21.570375442504883,101.42962455749512
1628,25.0,24.489030838012695,0.5109691619873047
1629,42.0,43.96686935424805,1.9668693542480469
1630,0.0,0.0,0.0
1631,0.0,0.0,0.0
1632,160.0,1818.5894775390625,1658.5894775390625
1633,153.0,242.377685546875,89.377685546875
1634,25.0,547.7987670898438,522.7987670898438
1635,64.0,850.582275390625,786.582275390625
1636,33.0,0.0,33.0
1637,10.0,39.50740051269531,29.507400512695312
1638,30.0,151.90036010742188,121.90036010742188
1639,81.0,344.8272399902344,263.8272399902344
1640,62.0,34.939910888671875,27.060089111328125
1641,14.0,0.0,14.0
1642,5550.0,10156.72265625,4606.72265625
1643,249.0,250.4898681640625,1.4898681640625
1644,80.0,41.08418273925781,38.91581726074219
1645,780.0,893.4724731445312,113.47247314453125
1646,793.0,377.7880554199219,415.2119445800781
1647,982.0,139.80101013183594,842.1989898681641
1648,525.0,925.3591918945312,400.35919189453125
1649,936.0,1165.75927734375,229.75927734375
1650,4594.0,2484.74169921875,2109.25830078125
1651,792.0,524.5467529296875,267.4532470703125
1652,323.0,162.52622985839844,160.47377014160156
1653,512.0,846.023193359375,334.023193359375
1654,720.0,415.03326416015625,304.96673583984375
1655,4196.0,4552.50732421875,356.50732421875
1656,79.0,47.17015838623047,31.82984161376953
1657,660.0,659.0349731445312,0.96502685546875
1658,4330.0,3557.447021484375,772.552978515625
1659,127.0,464.1236877441406,337.1236877441406
1660,602.0,598.0686645507812,3.93133544921875
1661,629.0,323.633056640625,305.366943359375
1662,300.0,298.08612060546875,1.91387939453125
1663,500.0,107.26754760742188,392.7324523925781
1664,67.0,122.2885971069336,55.288597106933594
1665,7830.0,7166.97900390625,663.02099609375
1666,34.0,352.36273193359375,318.36273193359375
1667,530.0,4858.8203125,4328.8203125
1668,130.0,213.62196350097656,83.62196350097656
1669,391.0,333.1231384277344,57.876861572265625
1670,1229.0,717.5144653320312,511.48553466796875
1671,132.0,93.52428436279297,38.47571563720703
1672,190.0,43.38737487792969,146.6126251220703
1673,226.0,59.722991943359375,166.27700805664062
1674,8.0,0.0,8.0
1675,5356.0,4504.1484375,851.8515625
1676,2016.0,1938.2216796875,77.7783203125
1677,10386.0,5556.12060546875,4829.87939453125
1678,129.0,117.57416534423828,11.425834655761719
1679,721.0,443.6802673339844,277.3197326660156
1680,381.0,288.423095703125,92.576904296875
1681,487.0,407.50921630859375,79.49078369140625
1682,930.0,549.4846801757812,380.51531982421875
1683,696.0,375.18243408203125,320.81756591796875
1684,4327.0,2632.63720703125,1694.36279296875
1685,3206.0,3312.13818359375,106.13818359375
1686,412.0,1171.918212890625,759.918212890625
1687,286.0,336.069580078125,50.069580078125
1688,75.0,121.1268539428711,46.126853942871094
1689,7442.0,2545.947509765625,4896.052490234375
1690,492.0,242.89303588867188,249.10696411132812
1691,570.0,89.9524154663086,480.0475845336914
1692,1800.0,4012.107177734375,2212.107177734375
1693,1676.0,923.9925537109375,752.0074462890625
1694,2034.0,1328.6824951171875,705.3175048828125
1695,134.0,221.12081909179688,87.12081909179688
1696,501.0,343.8125305175781,157.18746948242188
1697,1355.0,176.78036499023438,1178.2196350097656
1698,554.0,231.80575561523438,322.1942443847656
1699,1496.0,1258.683349609375,237.316650390625
1700,1365.0,383.7525634765625,981.2474365234375
1701,1050.0,324.7663269042969,725.2336730957031
1702,1142.0,308.81658935546875,833.1834106445312
1703,1255.0,314.4709167480469,940.5290832519531
1704,2244.0,1748.824951171875,495.175048828125
1705,405.0,241.0306396484375,163.9693603515625
1706,2187.0,491.1307373046875,1695.8692626953125
1707,1747.0,722.5153198242188,1024.4846801757812
1708,2687.0,2205.634765625,481.365234375
1709,1949.0,2187.273193359375,238.273193359375
1710,1003.0,590.827880859375,412.172119140625
1711,2190.0,1617.0882568359375,572.9117431640625
1712,1852.0,1418.36962890625,433.63037109375
1713,471.0,241.08831787109375,229.91168212890625
1714,1181.0,355.1216125488281,825.8783874511719
1715,140.0,221.39988708496094,81.39988708496094
1716,914.0,732.3401489257812,181.65985107421875
1717,771.0,525.6732177734375,245.3267822265625
1718,1212.0,680.1717529296875,531.8282470703125
1719,1422.0,817.7181396484375,604.2818603515625
1720,748.0,449.8993225097656,298.1006774902344
1721,1490.0,571.4160766601562,918.5839233398438
1722,2982.0,2397.92041015625,584.07958984375
1723,48.0,132.6932373046875,84.6932373046875
1724,68.0,346.9739685058594,278.9739685058594
1725,987.0,1836.2701416015625,849.2701416015625
1726,2935.0,971.009521484375,1963.990478515625
1727,156.0,160.90773010253906,4.9077301025390625
1728,776.0,614.7498779296875,161.2501220703125
1729,306.0,272.36627197265625,33.63372802734375
1730,893.0,889.9635620117188,3.03643798828125
1731,1543.0,2120.505615234375,577.505615234375
1732,6606.0,6982.45654296875,376.45654296875
1733,1748.0,544.7501220703125,1203.2498779296875
1734,144.0,430.0057067871094,286.0057067871094
1735,14.0,1189.976806640625,1175.976806640625
1736,3039.0,1396.694091796875,1642.305908203125
1737,472.0,599.2115478515625,127.2115478515625
1738,288.0,813.3477783203125,525.3477783203125
1739,162.0,347.1162414550781,185.11624145507812
1740,197.0,376.3611755371094,179.36117553710938
1741,1556.0,1409.2486572265625,146.7513427734375
1742,565.0,433.81201171875,131.18798828125
1743,1290.0,924.9578247070312,365.04217529296875
1744,803.0,827.3043823242188,24.30438232421875
1745,5640.0,3095.55615234375,2544.44384765625
1746,1268.0,2309.12158203125,1041.12158203125
1747,423.0,2762.0556640625,2339.0556640625
1748,570.0,659.8504028320312,89.85040283203125
1749,366.0,307.4112854003906,58.588714599609375
1750,4818.0,2807.763916015625,2010.236083984375
1751,1224.0,2066.56494140625,842.56494140625
1752,2170.0,2014.76953125,155.23046875
1753,1300.0,1415.832275390625,115.832275390625
1754,1609.0,1703.3262939453125,94.3262939453125
1755,740.0,555.8737182617188,184.12628173828125
1756,106.0,530.7826538085938,424.78265380859375
1757,230.0,468.94830322265625,238.94830322265625
1758,393.0,166.5143585205078,226.4856414794922
1759,348.0,494.4927062988281,146.49270629882812
1760,2610.0,5896.7509765625,3286.7509765625
1761,190.0,757.906494140625,567.906494140625
1762,94.0,21.819595336914062,72.18040466308594
1763,438.0,648.9190063476562,210.91900634765625
1764,2441.0,1502.886962890625,938.113037109375
1765,5871.0,6086.3369140625,215.3369140625
1766,5850.0,3832.677001953125,2017.322998046875
1767,1332.0,502.2580871582031,829.7419128417969
1768,5367.0,2116.8369140625,3250.1630859375
1769,313.0,788.2545776367188,475.25457763671875
1770,308.0,276.1338806152344,31.866119384765625
1771,1564.0,1378.445556640625,185.554443359375
1772,1145.0,434.81292724609375,710.1870727539062
1773,2403.0,2641.438720703125,238.438720703125
1774,417.0,323.52520751953125,93.47479248046875
1775,59.0,295.10150146484375,236.10150146484375
1776,12.0,472.4880065917969,460.4880065917969
1777,1325.0,2000.64892578125,675.64892578125
1778,341.0,308.7542419433594,32.245758056640625
1779,16.0,251.8194122314453,235.8194122314453
1780,932.0,747.37060546875,184.62939453125
1781,154.0,180.2564697265625,26.2564697265625
1782,36.0,121.53519439697266,85.53519439697266
1783,1431.0,1235.10400390625,195.89599609375
1784,1311.0,1186.7939453125,124.2060546875
1785,42.0,340.0943603515625,298.0943603515625
1786,2618.0,2967.62548828125,349.62548828125
1787,809.0,1799.0262451171875,990.0262451171875
1788,5620.0,4307.95703125,1312.04296875
1789,3180.0,2352.40380859375,827.59619140625
1790,1136.0,1156.1146240234375,20.1146240234375
1791,314.0,274.32183837890625,39.67816162109375
1792,357.0,1072.2208251953125,715.2208251953125
1793,776.0,549.2565307617188,226.74346923828125
1794,2372.0,4274.14990234375,1902.14990234375
1795,235.0,206.43667602539062,28.563323974609375
1796,81.0,1303.391845703125,1222.391845703125
1797,2894.0,1387.787353515625,1506.212646484375
1798,842.0,1258.726318359375,416.726318359375
1799,672.0,1256.006591796875,584.006591796875
1800,136.0,428.8882751464844,292.8882751464844
1801,4022.0,1253.510498046875,2768.489501953125
1802,591.0,2113.488037109375,1522.488037109375
1803,10520.0,5561.80029296875,4958.19970703125
1804,283.0,359.46026611328125,76.46026611328125
1805,136.0,165.61444091796875,29.61444091796875
1806,390.0,1327.6259765625,937.6259765625
1807,687.0,572.06591796875,114.93408203125
1808,3950.0,3250.310546875,699.689453125
1809,1537.0,870.2946166992188,666.7053833007812
1810,41.0,359.89093017578125,318.89093017578125
1811,842.0,527.974609375,314.025390625
1812,0.0,0.0,0.0
1813,1220.0,2611.662109375,1391.662109375
1814,247.0,476.9740905761719,229.97409057617188
1815,3007.0,1650.8143310546875,1356.1856689453125
1816,7331.0,7475.41650390625,144.41650390625
1817,77.0,168.34127807617188,91.34127807617188
1818,626.0,1219.0787353515625,593.0787353515625
1819,182.0,220.38327026367188,38.383270263671875
1820,26.0,426.9287414550781,400.9287414550781
1821,1999.0,2582.807861328125,583.807861328125
1822,184.0,398.10107421875,214.10107421875
1823,964.0,1046.412109375,82.412109375
1824,100.0,141.3623809814453,41.36238098144531
1825,316.0,356.5216979980469,40.521697998046875
1826,2138.0,2025.3902587890625,112.6097412109375
1827,1335.0,1220.1646728515625,114.8353271484375
1828,2407.0,2783.7568359375,376.7568359375
1829,277.0,245.09877014160156,31.901229858398438
1830,33.0,426.3163146972656,393.3163146972656
1831,4832.0,4120.6748046875,711.3251953125
1832,1896.0,1479.9964599609375,416.0035400390625
1833,1017.0,160.67648315429688,856.3235168457031
1834,2784.0,1857.7191162109375,926.2808837890625
1835,1170.0,6724.3447265625,5554.3447265625
1836,100.0,469.3334045410156,369.3334045410156
1837,5257.0,2478.853759765625,2778.146240234375
1838,4324.0,3424.08544921875,899.91455078125
1839,195.0,1404.29345703125,1209.29345703125
1840,719.0,167.41339111328125,551.5866088867188
1841,1510.0,859.772216796875,650.227783203125
1842,295.0,580.10546875,285.10546875
1843,96.0,223.83511352539062,127.83511352539062
1844,158.0,192.26675415039062,34.266754150390625
1845,810.0,759.61279296875,50.38720703125
1846,100.0,362.2930908203125,262.2930908203125
1847,12.0,168.21047973632812,156.21047973632812
1848,6126.0,5275.1416015625,850.8583984375
1849,3311.0,1093.09423828125,2217.90576171875
1850,179.0,201.37619018554688,22.376190185546875
1851,669.0,1000.0263671875,331.0263671875
1852,758.0,3436.9228515625,2678.9228515625
1853,107.0,1094.5194091796875,987.5194091796875
1854,426.0,197.7647705078125,228.2352294921875
1855,40.0,80.46732330322266,40.467323303222656
1856,50.0,261.9903564453125,211.9903564453125
1857,121.0,149.36422729492188,28.364227294921875
1858,105.0,615.5137329101562,510.51373291015625
1859,644.0,638.1784057617188,5.82159423828125
1860,1325.0,1359.854736328125,34.854736328125
1861,957.0,1181.911865234375,224.911865234375
1862,4090.0,3303.548095703125,786.451904296875
1863,1876.0,1526.6285400390625,349.3714599609375
1864,1287.0,1028.29150390625,258.70849609375
1865,795.0,1445.14013671875,650.14013671875
1866,575.0,446.5024719238281,128.49752807617188
1867,463.0,579.7938232421875,116.7938232421875
1868,612.0,542.3746337890625,69.6253662109375
1869,120.0,389.65985107421875,269.65985107421875
1870,1698.0,1963.4229736328125,265.4229736328125
1871,1210.0,347.5553894042969,862.4446105957031
1872,5255.0,2260.28173828125,2994.71826171875
1873,6082.0,4729.3232421875,1352.6767578125
1874,1129.0,3491.669677734375,2362.669677734375
1875,250.0,295.49005126953125,45.49005126953125
1876,189.0,585.271240234375,396.271240234375
1877,484.0,418.5570373535156,65.44296264648438
1878,473.0,86.40290069580078,386.5970993041992
1879,1591.0,1570.869873046875,20.130126953125
1880,796.0,854.3004150390625,58.3004150390625
1881,428.0,602.2518920898438,174.25189208984375
1882,4762.0,2630.47998046875,2131.52001953125
1883,2026.0,1184.06005859375,841.93994140625
1884,45.0,90.52043151855469,45.52043151855469
1885,336.0,504.96136474609375,168.96136474609375
1886,326.0,599.1013793945312,273.10137939453125
1887,1609.0,940.5018310546875,668.4981689453125
1888,1324.0,2975.738525390625,1651.738525390625
1889,106.0,86.83934020996094,19.160659790039062
1890,1288.0,554.8515625,733.1484375
1891,833.0,1248.4832763671875,415.4832763671875
1892,7969.0,6107.99853515625,1861.00146484375
1893,222.0,516.2981567382812,294.29815673828125
1894,296.0,247.17266845703125,48.82733154296875
1895,1340.0,1232.5946044921875,107.4053955078125
1896,1347.0,1187.4052734375,159.5947265625
1897,954.0,689.3233642578125,264.6766357421875
1898,1926.0,596.4061279296875,1329.5938720703125
1899,657.0,314.22698974609375,342.77301025390625
1900,140.0,145.14901733398438,5.149017333984375
1901,12.0,0.0,12.0
1902,20.0,0.0,20.0
1903,483.0,186.68728637695312,296.3127136230469
1904,2.0,0.0,2.0
1905,8.0,0.0,8.0
1906,618.0,513.7564697265625,104.2435302734375
1907,0.0,0.0,0.0
1908,14.0,0.0,14.0
1909,270.0,101.45157623291016,168.54842376708984
1910,16.0,44.43769454956055,28.437694549560547
1911,339.0,0.0,339.0
1912,60.0,167.4251251220703,107.42512512207031
1913,0.0,0.0,0.0
1914,5.0,0.0,5.0
1915,103.0,53.88632583618164,49.11367416381836
1916,6.0,11.399910926818848,5.399910926818848
1917,198.0,71.4671859741211,126.5328140258789
1918,0.0,16.012001037597656,16.012001037597656
1919,11.0,0.0,11.0
1920,0.0,34.177066802978516,34.177066802978516
1921,4.0,64.79120635986328,60.79120635986328
1922,0.0,64.1766586303711,64.1766586303711
1923,325.0,74.50717163085938,250.49282836914062
1924,425.0,461.20892333984375,36.20892333984375
1925,26.0,0.0,26.0
1926,66.0,30.809715270996094,35.190284729003906
1927,4.0,0.0,4.0
1928,24.0,0.0,24.0
1929,0.0,53.65419006347656,53.65419006347656
1930,60.0,50.492637634277344,9.507362365722656
1931,0.0,138.60400390625,138.60400390625
1932,28.0,23.244421005249023,4.755578994750977
1933,0.0,0.0,0.0
1934,68.0,35.093441009521484,32.906558990478516
1935,10.0,44.73793411254883,34.73793411254883
1936,56.0,0.0,56.0
1937,644.0,822.43896484375,178.43896484375
1938,0.0,1.6757854223251343,1.6757854223251343
1939,198.0,43.80351257324219,154.1964874267578
1940,783.0,1103.1097412109375,320.1097412109375
1941,114.0,0.0,114.0
1942,16.0,16.8614444732666,0.8614444732666016
1943,95.0,105.5210189819336,10.521018981933594
1944,0.0,0.0,0.0
1945,553.0,116.33460235595703,436.66539764404297
1946,299.0,113.55332946777344,185.44667053222656
1947,32.0,43.72032928466797,11.720329284667969
1948,85.0,67.29295349121094,17.707046508789062
1949,10211.0,11232.3203125,1021.3203125
1950,17.0,7.857990741729736,9.142009258270264
1951,357.0,431.259033203125,74.259033203125
1952,1296.0,242.8369903564453,1053.1630096435547
1953,19.0,0.0,19.0
1954,16.0,0.0,16.0
1955,5462.0,1032.2039794921875,4429.7960205078125
1956,4.0,0.0,4.0
1957,1199.0,208.6234893798828,990.3765106201172
1958,0.0,0.0,0.0
1959,32.0,0.0,32.0
1960,24.0,23.19727897644043,0.8027210235595703
1961,11.0,49.644447326660156,38.644447326660156
1962,0.0,0.0,0.0
1963,0.0,0.0,0.0
1964,614.0,561.466796875,52.533203125
1965,0.0,0.0,0.0
1966,12.0,0.0,12.0
1967,84.0,36.742431640625,47.257568359375
1968,61.0,30.218887329101562,30.781112670898438
1969,0.0,0.0,0.0
1970,4.0,0.0,4.0
1971,136.0,98.68859100341797,37.31140899658203
1972,10.0,0.0,10.0
1973,186.0,70.59422302246094,115.40577697753906
1974,0.0,1.3501815795898438,1.3501815795898438
1975,0.0,44.5622444152832,44.5622444152832
1976,9.0,0.0,9.0
1977,1962.0,356.2216491699219,1605.7783508300781
1978,447.0,101.85057067871094,345.14942932128906
1979,0.0,0.0,0.0
1980,34.0,0.0,34.0
1981,11.0,0.0,11.0
1982,44.0,19.377399444580078,24.622600555419922
1983,104.0,41.81008529663086,62.18991470336914
1984,7.0,10.436860084533691,3.4368600845336914
1985,492.0,492.31964111328125,0.31964111328125
1986,0.0,0.0,0.0
1987,1707.0,232.15589904785156,1474.8441009521484
1988,52.0,69.10868072509766,17.108680725097656
1989,0.0,14.939444541931152,14.939444541931152
1990,0.0,56.200740814208984,56.200740814208984
1991,24.0,44.75538635253906,20.755386352539062
1992,118.0,90.58553314208984,27.414466857910156
1993,0.0,48.42074203491211,48.42074203491211
1994,128.0,53.029762268066406,74.9702377319336
1995,110.0,0.0,110.0
1996,154.0,121.42733764648438,32.572662353515625
1997,0.0,1.2484245300292969,1.2484245300292969
1998,14.0,6.310769557952881,7.689230442047119
1999,408.0,560.7535400390625,152.7535400390625
2000,90.0,60.824737548828125,29.175262451171875
2001,4.0,44.08395767211914,40.08395767211914
2002,33.0,2.403916120529175,30.596083879470825
2003,8.0,37.65580749511719,29.655807495117188
2004,11.0,0.0,11.0
2005,1238.0,1296.866455078125,58.866455078125
2006,919.0,1315.8470458984375,396.8470458984375
2007,267.0,348.99395751953125,81.99395751953125
2008,1808.0,1042.407470703125,765.592529296875
2009,2020.0,1898.085693359375,121.914306640625
2010,406.0,475.58270263671875,69.58270263671875
2011,1463.0,992.46728515625,470.53271484375
2012,702.0,758.2562866210938,56.25628662109375
2013,466.0,771.0225219726562,305.02252197265625
2014,133.0,182.02981567382812,49.029815673828125
2015,3066.0,2684.402587890625,381.597412109375
2016,7941.0,9306.943359375,1365.943359375
2017,714.0,889.7328491210938,175.73284912109375
2018,1789.0,5168.74169921875,3379.74169921875
2019,6039.0,5065.61279296875,973.38720703125
2020,360.0,699.35107421875,339.35107421875
2021,2790.0,2142.620361328125,647.379638671875
2022,2160.0,2676.747802734375,516.747802734375
2023,3627.0,3874.8291015625,247.8291015625
2024,417.0,823.03466796875,406.03466796875
2025,482.0,708.3859252929688,226.38592529296875
2026,2769.0,1589.021728515625,1179.978271484375
2027,439.0,386.0632019042969,52.936798095703125
2028,974.0,1162.8714599609375,188.8714599609375
2029,771.0,398.91015625,372.08984375
2030,614.0,405.8780212402344,208.12197875976562
2031,5542.0,5276.9853515625,265.0146484375
2032,1199.0,706.5181884765625,492.4818115234375
2033,3558.0,3681.525634765625,123.525634765625
2034,760.0,622.0084838867188,137.99151611328125
2035,223.0,460.12567138671875,237.12567138671875
2036,1918.0,2384.491943359375,466.491943359375
2037,1551.0,1688.5711669921875,137.5711669921875
2038,717.0,902.617919921875,185.617919921875
2039,2856.0,3897.259033203125,1041.259033203125
2040,1256.0,612.16162109375,643.83837890625
2041,2487.0,1283.4300537109375,1203.5699462890625
2042,2024.0,1150.3363037109375,873.6636962890625
2043,3084.0,1230.834228515625,1853.165771484375
2044,2919.0,3275.8662109375,356.8662109375
2045,2119.0,3007.59326171875,888.59326171875
